CARTRIDGE,CALIBER,G1,G7,Weight,Muzzle
10MM AUTO: Hornady 135gr MonoFlex ,0.4000,0.0000,,135,1315
10MM AUTO: Hornady 150gr FTX ,0.4000,0.0000,,150,1220
10MM AUTO: Hornady 155gr XTP ,0.4000,0.0000,,155,1410
10MM AUTO: Hornady 155gr XTP ,0.4000,0.0000,,155,1410
10MM AUTO: Hornady 175gr FlexLock ,0.4000,0.0000,,175,1160
10MM AUTO: Hornady 180gr XTP ,0.4000,0.0000,,180,1275
10MM AUTO: Hornady 200gr DGH,0.4000,0.0000,,200,1160
10MM AUTO: Remington 180gr BBJHP,0.4000,0.1770,,180,1160
10MM AUTO: Remington 180gr BJHP,0.4000,0.1770,,180,1160
10MM AUTO: Remington 180gr FMJ,0.4000,0.1800,,180,1160
10MM AUTO: Remington 200gr Hard Cast,0.4000,0.2810,,200,1200
10MM AUTO: Remington 200gr SJHP,0.4000,0.2900,,200,1110
10MM AUTO: User Data,0.4000,0.0000,,0,0
17 HMR: Hornady 15gr NTX ,0.1720,0.0000,,15,2525
17 HMR: Hornady 17 gr MAX ,0.1720,0.0000,,17 ,2550
17 HMR: Hornady 20 gr XTP ,0.1720,0.0000,,20 ,2375
17 HORNET: Hornady 20 gr V-MAX ,0.1720,0.0000,,20 ,3650
17 HORNET: User Data,0.1720,0.0000,,0,0
17 HORNET: Winchester 20gr Rapid Expansion,0.1720,0.1850,,20,3650
17 MACH 2: Hornady 17 gr V-MAX ,0.1720,0.0000,,17 ,2100
17 REM FIREBALL: Nosler 20gr VMG FB Tipped,0.1720,0.0000,,20,4000
17 REM FIREBALL: Remington 20gr AccuTip-V,0.1720,0.1850,,20,4000
17 REM FIREBALL: User Data,0.1720,0.0000,,0,0
17 REM: Nosler 20gr VMG FB Tipped,0.1720,0.0000,,20,4200
17 REM: Nosler 20gr VMG FBHP,0.1720,0.0000,,20,4200
17 REM: Remington 20gr AccuTip-V,0.1720,0.1850,,20,4250
17 REM: Remington 25gr HP,0.1720,0.1870,,25,4040
17 REM: User Data,0.1720,0.0000,,0,0
204 RUGER: Fiocchi 32gr V-MAX,0.2040,0.2100,,32,4125
204 RUGER: Fiocchi 40gr V-MAX,0.2040,0.2100,,40,3700
204 RUGER: Hornady 24 gr NTX,0.2040,0.0000,,24 ,4400
204 RUGER: Hornady 32 gr V-MAX,0.2040,0.0000,,32 ,4225
204 RUGER: Hornady 40 gr V-MAX,0.2040,0.0000,,40 ,3900
204 RUGER: Nosler 32gr BTV BTLF,0.2040,0.0000,,32,3975
204 RUGER: Nosler 32gr VMG FB Tipped,0.2040,0.0000,,32,4000
204 RUGER: Nosler 40gr BTV BT,0.2040,0.0000,,40,3625
204 RUGER: Remington 32gr AccuTip-V,0.2040,0.2100,,32,4225
204 RUGER: Remington 40gr AccuTip-V,0.2040,0.2750,,40,3900
204 RUGER: User Data,0.2040,0.0000,,0,0
204 RUGER: Winchester 32gr Rapid Expansion,0.2040,0.2100,,32,4000
218 BEE: Hornady 45 gr HP Match,0.2180,0.0000,,45 ,2750
218 BEE: Winchester 46gr HP,0.2180,0.1300,,46,2760
22 ARC: Hornady 62 gr ELD-VT ,0.2240,0.0000,,62 ,3300
22 ARC: Hornady 70 gr CX ,0.2240,0.0000,,70 ,3125
22 ARC: Hornady 75 gr ELD  Match,0.2240,0.0000,,75 ,3075
22 ARC: Hornady 80 gr ELD-X ,0.2240,0.0000,,80 ,3010
22 ARC: Hornady 88 gr ELD  Match,0.2240,0.0000,,88 ,2820
22 CREEDMOOR: Hornady 65 gr CX ,0.2240,0.0000,,65 ,3660
22 CREEDMOOR: Hornady 69 gr ELD-VT ,0.2240,0.0000,,69 ,3550
22 CREEDMOOR: Hornady 80 gr ELD  Match,0.2240,0.0000,,80 ,3285
22 CREEDMOOR: Hornady 80 gr ELD-X ,0.2240,0.0000,,80 ,3285
22 CREEDMOOR: Nosler 60gr BTV BT,0.2240,0.0000,,60,3450
22 CREEDMOOR: Nosler 70gr TGA AB,0.2240,0.0000,,70,3350
22 CREEDMOOR: Nosler 85gr MG-RDF RDF,0.2240,0.0000,,85,3175
22 CREEDMOOR: User Data,0.2240,0.0000,,0,0
22 HORNET: Hornady 35 gr V-MAX ,0.2240,0.0000,,35 ,3070
22 HORNET: Nosler 35gr VMG FB Tipped,0.2240,0.0000,,35,3000
22 HORNET: Nosler 40gr NCA BT,0.2240,0.0000,,40,2800
22 HORNET: Remington 35gr AccuTip-V,0.2240,0.1090,,35,3100
22 HORNET: Remington 45gr Pntd SP,0.2240,0.1300,,45,2690
22 HORNET: User Data,0.2240,0.0000,,0,0
22 HORNET: Winchester 35gr Rapid Expansion,0.2240,0.1090,,35,3100
22 HORNET: Winchester 45gr SP,0.2240,0.1300,,45,2690
22 HORNET: Winchester 46gr HP,0.2240,0.1300,,46,2690
22 LONG RIFLE: User Data,0.2230,0.0000,,0,0
22 LR: Remington 33gr PTCHP,0.2230,0.0950,,33,1500
22 LR: Remington 33gr PTCHP,0.2230,0.0950,,33,740
22 LR: Remington 36gr LHP,0.2230,0.1040,,36,1280
22 LR: Remington 36gr PHP,0.2230,0.1040,,36,1280
22 LR: Remington 36gr PTCS,0.2230,0.1030,,36,1410
22 LR: Remington 38gr PHP,0.2230,0.1020,,38,1345
22 LR: Remington 39gr TCBL,0.2230,0.1030,,39,770
22 LR: Remington 40gr LRN,0.2230,0.1080,,40,1080
22 LR: Remington 40gr LRN,0.2230,0.1160,,40,1255
22 LR: Remington 40gr LRN,0.2230,0.1160,,40,1150
22 LR: Remington 40gr PHP,0.2230,0.1000,,40,1255
22 LR: Remington 40gr PRN,0.2230,0.1160,,40,1255
22 LR: Remington 40gr PRN,0.2230,0.1160,,40,1255
22 NOSLER: Nosler 53gr VMG FB Tipped,0.2240,0.0000,,53,3450
22 NOSLER: Nosler 55gr BTV BT,0.2240,0.0000,,55,3500
22 NOSLER: Nosler 55gr ETA ET,0.2240,0.0000,,55,3500
22 NOSLER: Nosler 62gr VMG FBHP,0.2240,0.0000,,62,3250
22 NOSLER: Nosler 70gr MG-RDF RDF,0.2240,0.0000,,70,3000
22 NOSLER: Nosler 70gr TGA AB,0.2240,0.0000,,70,2950
22 NOSLER: Nosler 77gr MGA CC,0.2240,0.0000,,77,2950
22 NOSLER: User Data,0.2240,0.0000,,0,0
22 SHORT: Remington 27gr HP,0.2200,0.0800,,27,1105
22 SHORT: Remington 29gr RN,0.2200,0.0840,,29,1080
22 WMR: Hornady 30 gr V-MAX ,0.2240,0.0000,,30 ,2200
22 WMR: Hornady 45 gr  FTX ,0.2240,0.0000,,45 ,1000
22 WMR: User Data,0.2240,0.0000,,0,0
22-250 REM: Fiocchi 40gr V-MAX,0.2240,0.2000,,40,4100
22-250 REM: Fiocchi 55gr PSP,0.2240,0.4530,,55,3650
22-250 REM: Fiocchi 55gr V-MAX,0.2240,0.2550,,55,3650
22-250 REM: Hornady 35 gr NTX ,0.2240,0.0000,,35 ,4450
22-250 REM: Hornady 50 gr V-MAX ,0.2240,0.0000,,50 ,3800
22-250 REM: Hornady 50 gr V-MAX ,0.2240,0.0000,,50 ,4000
22-250 REM: Hornady 55 gr V-MAX ,0.2240,0.0000,,55 ,3680
22-250 REM: Nosler 35gr BTV BTLF,0.2240,0.0000,,35,4200
22-250 REM: Nosler 40gr BTV BTLF,0.2240,0.0000,,40,3950
22-250 REM: Nosler 55gr BTV BT,0.2240,0.0000,,55,3550
22-250 REM: Nosler 55gr VMG FB Tipped,0.2240,0.0000,,55,3550
22-250 REM: Remington 45gr Jacketed HP,0.2240,0.1730,,45,4000
22-250 REM: Remington 50gr Jacketed HP,0.2240,0.1920,,50,3820
22-250 REM: Remington 55gr Pntd SP,0.2240,0.1970,,55,3680
22-250 REM: User Data,0.2240,0.0000,,0,0
22-250 REM: Winchester 45gr Jacketed H. P.,0.2240,0.1850,,45,3950
22-250 REM: Winchester 55gr Ballistic Silvertip,0.2240,0.2670,,55,3680
22-250 REM: Winchester 55gr Extreme Point,0.2240,0.2460,,55,3700
22-250 REM: Winchester 55gr Jacketed H. P.,0.2240,0.2690,,55,3680
22-250 REM: Winchester 55gr Pntd SP,0.2240,0.1970,,55,3680
22-250 REM: Winchester 64gr Power-Point,0.2240,0.2510,,64,3500
220 SWIFT: Hornady 55 gr V-MAX ,0.2240,0.0000,,55 ,3680
220 SWIFT: Remington 50gr Pntd SP,0.2240,0.1750,,50,3780
220 SWIFT: Winchester 50gr Pntd SP,0.2240,0.2000,,50,3870
221 REM FIREBALL: Nosler 40gr NCA BT,0.2240,0.0000,,40,3100
221 REM FIREBALL: Nosler 40gr VMG FB Tipped,0.2240,0.0000,,40,3100
221 REM FIREBALL: Remington 50gr AccuTip-V,0.2240,0.2380,,50,2995
221 REM FIREBALL: User Data,0.2240,0.0000,,0,0
222 REM MAG: Nosler 50gr NCA BT,0.2240,0.0000,,50,3340
222 REM MAG: User Data,0.2240,0.0000,,0,0
222 REM: Fiocchi 50gr V-MAX,0.2240,0.2420,,50,3200
222 REM: Hornady 35 gr NTX ,0.2240,0.0000,,35 ,3760
222 REM: Hornady 50 gr V-MAX ,0.2240,0.0000,,50 ,3345
222 REM: Lapua 50gr Naturalis,0.2240,0.0000,,50,3166
222 REM: Lapua 55gr FMJ,0.2240,0.0000,,55,2887
222 REM: Lapua 55gr SP,0.2240,0.0000,,55,2887
222 REM: Nosler 40gr VMG FB Tipped,0.2240,0.0000,,40,3400
222 REM: Nosler 50gr NCA BT,0.2240,0.0000,,50,3100
222 REM: Nosler 50gr VMG FB Tipped,0.2240,0.0000,,50,3150
222 REM: User Data,0.2240,0.0000,,0,0
222 REM: Winchester 50gr Pntd SP,0.2240,0.1750,,50,3140
223 REM: Federal 55gr Barnes Triple-Shock,0.2240,0.2090,,55,3200
223 REM: Federal 55gr Trophy Copper,0.2240,0.3050,,55,3240
223 REM: Federal 69gr Sierra Matchking Bthp,0.2240,0.3010,0.1650,69,2950
223 REM: Federal 73gr Berger Bt Target,0.2240,0.3480,0.1780,73,2800
223 REM: Federal 77gr Centerstrike Otm,0.2240,0.3560,0.1830,77,2720
223 REM: Federal 77gr Sierra Matchking Bthp,0.2240,0.3720,0.1880,77,2720
223 REM: Fiocchi 40gr V-MAX,0.2240,0.2750,,40,3650
223 REM: Fiocchi 40gr V-MAX,0.2240,0.2000,,40,3650
223 REM: Fiocchi 50gr V-MAX,0.2240,0.2400,,50,3300
223 REM: Fiocchi 50gr V-MAX,0.2240,0.2420,,50,3300
223 REM: Fiocchi 55gr PSP,0.2240,0.2350,,55,3230
223 REM: Fiocchi 55gr V-MAX,0.2240,0.2550,,55,3240
223 REM: Fiocchi 69gr HPBT MK,0.2240,0.3010,,69,2850
223 REM: Fiocchi 77gr HPBT MK,0.2240,0.3620,,77,2725
223 REM: Hornady 35 gr NTX ,0.2240,0.0000,,35 ,4000
223 REM: Hornady 50 gr CX ,0.2240,0.0000,,50 ,3300
223 REM: Hornady 53 gr V-MAX ,0.2240,0.0000,,53 ,3465
223 REM: Hornady 55 gr  FMJ,0.2240,0.0000,,55 ,3240
223 REM: Hornady 55 gr  HP M,0.2240,0.0000,,55 ,3240
223 REM: Hornady 55 gr  Spire Point,0.2240,0.0000,,55 ,3240
223 REM: Hornady 55 gr CX ,0.2240,0.0000,,55 ,3250
223 REM: Hornady 55 gr FMJ,0.2240,0.0000,,55 ,3240
223 REM: Hornady 55 gr FTX ,0.2240,0.0000,,55 ,3240
223 REM: Hornady 55 gr HP Match,0.2240,0.0000,,55 ,3240
223 REM: Hornady 55 gr SP,0.2240,0.0000,,55 ,3240
223 REM: Hornady 55 gr V-MAX ,0.2240,0.0000,,55 ,3240
223 REM: Hornady 62 gr FMJ,0.2240,0.0000,,62 ,3100
223 REM: Hornady 68 gr  BTHP Match,0.2240,0.0000,,68 ,2960
223 REM: Hornady 73 gr ELD  Match,0.2240,0.0000,,73 ,2790
223 REM: Hornady 73 gr FTX ,0.2240,0.0000,,73 ,2790
223 REM: Hornady 75 gr BTHP,0.2240,0.0000,,75 ,2790
223 REM: Hornady 75 gr BTHP,0.2240,0.0000,,75 ,2930
223 REM: Hornady 75 gr BTHP Match,0.2240,0.0000,,75 ,2790
223 REM: Lapua 50gr Naturalis,0.2240,0.0000,,50,3330
223 REM: Lapua 55gr FMJ,0.2240,0.0000,,55,3133
223 REM: Lapua 69gr Scenar-L,0.2240,0.0000,,69,2723
223 REM: Nosler 35gr BTV BTLF,0.2240,0.0000,,35,3750
223 REM: Nosler 53gr VMG FB Tipped,0.2240,0.0000,,53,3350
223 REM: Nosler 55gr BTV BT,0.2240,0.0000,,55,3100
223 REM: Nosler 55gr ETA ET,0.2240,0.0000,,55,3100
223 REM: Nosler 55gr VMG FB Tipped,0.2240,0.0000,,55,3100
223 REM: Nosler 62gr VMG FBHP,0.2240,0.0000,,62,2950
223 REM: Nosler 70gr MG-RDF RDF,0.2240,0.0000,,70,2850
223 REM: Nosler 70gr TGA AB,0.2240,0.0000,,70,2750
223 REM: Nosler 77gr MGA HPBT,0.2240,0.0000,,77,2600
223 REM: Remington 45gr Jacketed HP,0.2240,0.1730,,45,3550
223 REM: Remington 50gr AccuTip-V,0.2240,0.2420,,50,3410
223 REM: Remington 50gr Jacketed HP,0.2240,0.1920,,50,3425
223 REM: Remington 52gr HP Match,0.2240,0.2530,,52,3200
223 REM: Remington 55gr AccuTip-V,0.2240,0.2550,,55,3240
223 REM: Remington 55gr FMJ,0.2240,0.2020,,55,3240
223 REM: Remington 55gr Pntd SP,0.2240,0.1970,,55,3240
223 REM: Remington 62gr Core-Lokt Ultra Bonded PSP,0.2240,0.2340,,62,3100
223 REM: Remington 62gr HP Match,0.2240,0.2050,,62,3025
223 REM: Remington 69gr MatchKing OTM,0.2240,0.3360,,69,3000
223 REM: Remington 77gr MatchKing OTM,0.2240,0.3620,,77,2790
223 REM: User Data,0.2240,0.0000,,0,0
223 REM: Winchester 45gr Jacketed H. P.,0.2240,0.1850,,45,3600
223 REM: Winchester 55gr Ballistic Silvertip,0.2240,0.2670,,55,3240
223 REM: Winchester 55gr Extreme Point,0.2240,0.2460,,55,3240
223 REM: Winchester 55gr FMJ,0.2240,0.2690,,55,3240
223 REM: Winchester 55gr Pntd SP,0.2240,0.1970,,55,3240
223 REM: Winchester 62gr FMJ,0.2240,0.2830,,62,3100
223 REM: Winchester 62gr Open Tip,0.2240,0.2160,,62,3065
223 REM: Winchester 64gr Extreme Point,0.2240,0.2820,,64,3020
223 REM: Winchester 64gr Power-Point,0.2240,0.2570,,64,3020
223 REM: Winchester 64gr Silvertip Defense Tip,0.2240,0.2820,,64,2700
223 REM: Winchester 69gr Match BTHP,0.2240,0.2970,,69,3000
223 WSSM: Hornady 55 gr V-MAX ,0.2240,0.0000,,55 ,3850
223 WSSM: Winchester 55gr Pntd SP,0.2240,0.1970,,55,3850
223 WSSM: Winchester 64gr Power-Point,0.2240,0.2570,,64,3600
224 VALKYRIE: Federal 78gr Barnes Triple-Shock,0.2245,0.3830,,78,2850
224 VALKYRIE: Federal 80.5gr Berger Bt Target,0.2245,0.4410,0.2260,80.5,2925
224 VALKYRIE: Federal 90gr Sierra Matchking Bthp,0.2245,0.5630,0.2740,90,2700
224 VALKYRIE: Hornady 60 gr V-MAX ,0.2245,0.0000,,60 ,3300
224 VALKYRIE: Hornady 62 gr ELD-VT ,0.2245,0.0000,,62 ,3300
224 VALKYRIE: Hornady 75 gr BTHP,0.2245,0.0000,,75 ,3000
224 VALKYRIE: Hornady 88 gr ELD  Match,0.2245,0.0000,,88 ,2675
224 VALKYRIE: Remington 60gr AccuTip-V,0.2245,0.2650,,60,3300
224 VALKYRIE: Remington 75gr FMJ,0.2245,0.4000,,75,3000
224 VALKYRIE: Remington 90gr MatchKing OTM,0.2245,0.2740,,90,2700
224 VALKYRIE: User Data,0.2245,0.0000,,0,0
225 WIN: Winchester 55gr Pntd SP,0.2240,0.2080,,55,3570
243 WIN: Federal 85gr Barnes Triple-Shock,0.2430,0.3330,,85,3200
243 WIN: Federal 85gr Trophy Copper,0.2430,0.3910,,85,3200
243 WIN: Federal 90gr Eld-X,0.2430,0.4090,,90,3150
243 WIN: Federal 95gr Berger Hybrid Hunter,0.2430,0.4340,0.2230,95,3050
243 WIN: Fiocchi 100gr PSP,0.2430,0.4050,,100,3050
243 WIN: Fiocchi 80gr COPPER HP,0.2430,0.3400,,80,3415
243 WIN: Fiocchi 90gr SCIROCCO,0.2430,0.4190,,90,3100
243 WIN: Fiocchi 95gr SST,0.2430,0.3550,,95,2950
243 WIN: Hornady 100gr  InterLock  BTS,0.2430,0.0000,,100,2960
243 WIN: Hornady 58 gr V-MAX ,0.2430,0.0000,,58 ,3925
243 WIN: Hornady 75 gr V-MAX ,0.2430,0.0000,,75 ,3580
243 WIN: Hornady 80 gr CX ,0.2430,0.0000,,80 ,3200
243 WIN: Hornady 87 gr SST ,0.2430,0.0000,,87 ,2800
243 WIN: Hornady 87 gr V-MAX ,0.2430,0.0000,,87 ,3240
243 WIN: Hornady 90 gr ELD-X ,0.2430,0.0000,,90 ,3150
243 WIN: Hornady 95 gr SST ,0.2430,0.0000,,95 ,2960
243 WIN: Hornady 95 gr SST ,0.2430,0.0000,,95 ,3185
243 WIN: Lapua 90gr FMJ,0.2430,0.0000,,90,2905
243 WIN: Lapua 90gr Naturalis,0.2430,0.0000,,90,2985
243 WIN: Nosler 100gr TGA PT,0.2430,0.0000,,100,2950
243 WIN: Nosler 100gr WCA SB,0.2430,0.0000,,100,2950
243 WIN: Nosler 55gr VMG FB Tipped,0.2430,0.0000,,55,3800
243 WIN: Nosler 70gr BTV BT,0.2430,0.0000,,70,3500
243 WIN: Nosler 70gr VMG FB Tipped,0.2430,0.0000,,70,3500
243 WIN: Nosler 90gr BTA BT,0.2430,0.0000,,90,3100
243 WIN: Nosler 90gr ETA ET,0.2430,0.0000,,90,3050
243 WIN: Nosler 90gr TGA AB,0.2430,0.0000,,90,3100
243 WIN: Remington 100gr Core-Lokt Pntd SP,0.2430,0.3560,,100,2960
243 WIN: Remington 75gr AccuTip-V,0.2430,0.3300,,75,3375
243 WIN: Remington 80gr Pntd SP,0.2430,0.2550,,80,3350
243 WIN: Remington 85gr Core-Lokt Copper,0.2430,0.2330,,85,3200
243 WIN: Remington 90gr Swift Scirocco Bonded,0.2430,0.3900,,90,3120
243 WIN: Remington 95gr Core-Lokt Tipped,0.2430,0.3550,,95,3140
243 WIN: User Data,0.2430,0.0000,,0,0
243 WIN: Winchester 100gr Power-Point,0.2430,0.3560,,100,2960
243 WIN: Winchester 100gr Power-Point,0.2430,0.3560,,100,3110
243 WIN: Winchester 65gr Extreme Point,0.2430,0.2720,,65,3620
243 WIN: Winchester 80gr Pntd SP,0.2430,0.2550,,80,3350
243 WIN: Winchester 85gr Copper Extreme Point,0.2430,0.3440,,85,3260
243 WIN: Winchester 95gr Ballistic Silvertip,0.2430,0.3790,,95,3100
243 WIN: Winchester 95gr Extreme Point,0.2430,0.3630,,95,3100
243 WSSM: Hornady 75 gr V-MAX ,0.2430,0.0000,,75 ,3540
25 AUTO 6.35MM BRWN: Remington 50gr FMJ,0.2510,0.0880,,50,760
25 AUTO: Hornady 35 gr  FTX ,0.2510,0.0000,,35 ,900
25 AUTO: Hornady 35 gr  XTP ,0.2510,0.0000,,35 ,900
25 AUTO: User Data,0.2510,0.0000,,0,0
25 CREEDMOOR: Hornady 112gr  CX ,0.2570,0.0000,,112,3150
25 CREEDMOOR: Hornady 128gr  ELD-X ,0.2570,0.0000,,128,2850
25 CREEDMOOR: Hornady 134gr  ELD  Match,0.2570,0.0000,,134,2800
25 CREEDMOOR: Hornady 95 gr ELD-VT ,0.2570,0.0000,,95 ,3250
25 WSSM: Winchester 120gr Positive Exp. Point,0.2570,0.3440,,120,2990
25 WSSM: Winchester 85gr Ballistic Silvertip,0.2570,0.3290,,85,3470
25-06 REM: Federal 100gr Barnes Triple-Shock,0.2570,0.3360,,100,3210
25-06 REM: Federal 100gr Trophy Copper,0.2570,0.4090,,100,3210
25-06 REM: Hornady 110gr  ELD-X ,0.2570,0.0000,,110,3140
25-06 REM: Hornady 117gr  InterLock  BTS,0.2570,0.0000,,117,2990
25-06 REM: Hornady 117gr  SST ,0.2570,0.0000,,117,3110
25-06 REM: Hornady 90 gr CX ,0.2570,0.0000,,90 ,3350
25-06 REM: Nosler 100gr ETA ET,0.2570,0.0000,,100,3200
25-06 REM: Nosler 100gr TGA PT,0.2570,0.0000,,100,3300
25-06 REM: Nosler 110gr NCA AB,0.2570,0.0000,,110,3100
25-06 REM: Nosler 115gr BTA BT,0.2570,0.0000,,115,3000
25-06 REM: User Data,0.2570,0.0000,,0,0
25-06 REM: Winchester 115gr Ballistic Silvertip,0.2570,0.4530,,115,3060
25-06 REM: Winchester 117gr Extreme Point,0.2570,0.4530,,117,3100
25-06 REM: Winchester 120gr Positive Exp. Point,0.2570,0.3440,,120,2990
25-06 REM: Winchester 85gr Ballistic Silvertip,0.2570,0.3290,,85,3470
25-06 REM: Winchester 90gr Positive Exp. Point,0.2570,0.2590,,90,3440
25-20 WIN: Winchester 86gr SP,0.2580,0.1910,,86,1460
25-35 WIN: Hornady 110gr  FTX ,0.2580,0.0000,,110,2425
25-35 WIN: Winchester 117gr Power-Point,0.2580,0.2130,,117,2230
250 SAVAGE: Hornady 100gr  InterLock  SP,0.2570,0.0000,,100,2800
257 ROBERTS +P: Hornady 117gr  SST ,0.2570,0.0000,,117,2946
257 ROBERTS +P: Nosler 100gr NCA BT,0.2570,0.0000,,100,3100
257 ROBERTS +P: Nosler 100gr NCA PT,0.2570,0.0000,,100,3100
257 ROBERTS +P: Nosler 110gr TGA AB,0.2570,0.0000,,110,3050
257 ROBERTS +P: Nosler 115gr NCA BT,0.2570,0.0000,,115,2775
257 ROBERTS +P: User Data,0.2570,0.0000,,0,0
257 ROBERTS +P: Winchester 117gr Power-Point,0.2570,0.2400,,117,2780
257 WBY MAG: Hornady 110gr  ELD-X ,0.2570,0.0000,,110,3240
257 WBY MAG: Hornady 90 gr CX ,0.2570,0.0000,,90 ,3625
257 WBY MAG: Nosler 100gr NCA ET,0.2570,0.0000,,100,3450
257 WBY MAG: Nosler 110gr NCA AB,0.2570,0.0000,,110,3300
257 WBY MAG: Nosler 110gr TGA AB,0.2570,0.0000,,110,3300
257 WBY MAG: Nosler 115gr NCA PT,0.2570,0.0000,,115,3250
257 WEATHERBY MAG: User Data,0.2570,0.0000,,0,0
26 NOSLER: Nosler 129gr TGA-LR ABLR,0.2640,0.0000,,129,3400
26 NOSLER: Nosler 140gr BTA BT,0.2640,0.0000,,140,3200
26 NOSLER: Nosler 140gr TGA AB,0.2640,0.0000,,140,3300
26 NOSLER: Nosler 142gr TGA-LR ABLR,0.2640,0.0000,,142,3300
26 NOSLER: Nosler 150gr TGA-LR ABLR,0.2640,0.0000,,150,3200
26 NOSLER: User Data,0.2640,0.0000,,0,0
260 REM: Fiocchi 129gr SST,0.2640,0.4850,,129,2800
260 REM: Hornady 129gr  SST ,0.2640,0.0000,,129,2930
260 REM: Hornady 130gr ELD  Match,0.2640,0.0000,,130,2840
260 REM: Lapua 136gr Scenar-L,0.264,0.0000,,136,2671
260 REM: Nosler 120gr BTA BT,0.2640,0.0000,,120,2850
260 REM: Nosler 130gr TGA AB,0.2640,0.0000,,130,2700
260 REM: Nosler 140gr BTA BT,0.2640,0.0000,,140,2700
260 REM: User Data,0.2640,0.0000,,0,0
264 WIN MAG: Nosler 125gr NCA PT,0.2640,0.0000,,125,3200
264 WIN MAG: Nosler 130gr TGA AB,0.2640,0.0000,,130,3100
264 WIN MAG: Nosler 140gr NCA PT,0.2640,0.0000,,140,2950
264 WIN MAG: User Data,0.2640,0.0000,,0,0
264 WIN MAG: Winchester 140gr Power-Point,0.2640,0.3840,,140,3030
27 NOSLER: Nosler 150gr TGA AB,0.2780,0.0000,,150,3250
27 NOSLER: Nosler 165gr TGA-LR ABLR,0.2780,0.0000,,165,3158
27 NOSLER: User Data,0.2780,0.0000,,0,0
270 WBY MAG: Nosler 150gr TGA-LR ABLR,0.2770,0.0000,,150,3080
270 WBY MAG: User Data,0.2770,0.0000,,0,0
270 WIN SHORT MAG: Federal 130gr Trophy Bonded Tip,0.2770,0.4400,,130,3280
270 WIN SHORT MAG: Federal 130gr Trophy Copper,0.2770,0.4590,,130,3280
270 WIN SHORT MAG: Federal 136gr Terminal Ascent,0.2770,0.4930,0.2470,136,3240
270 WIN SHORT MAG: Federal 140gr Berger Hybrid Hunter,0.2770,0.5280,0.2710,140,3200
270 WIN SHORT MAG: Federal 140gr Trophy Bonded Tip,0.2770,0.4550,,140,3200
270 WIN SHORT MAG: User Data,0.2770,0.0000,,0,0
270 WIN: Federal 130gr Barnes Triple-Shock,0.2770,0.3740,,130,3060
270 WIN: Federal 130gr Swift Scirocco Ii,0.2770,0.4500,,130,3050
270 WIN: Federal 130gr Trophy Bonded Tip,0.2770,0.4400,,130,3060
270 WIN: Federal 130gr Trophy Copper,0.2770,0.4590,,130,3060
270 WIN: Federal 136gr Terminal Ascent,0.2770,0.4930,0.2470,136,3000
270 WIN: Federal 140gr Berger Hybrid Hunter,0.2770,0.5280,0.2710,140,2950
270 WIN: Federal 140gr Trophy Bonded Tip,0.2770,0.4550,,140,2950
270 WIN: Federal 145gr Eld-X,0.2770,0.5360,0.2700,145,2890
270 WIN: Fiocchi 130gr COPPER HP,0.2770,0.3700,,130,3100
270 WIN: Fiocchi 130gr PSP,0.2770,0.4090,,130,3010
270 WIN: Fiocchi 130gr SCIROCCO,0.2770,0.4500,,130,3050
270 WIN: Fiocchi 150gr SST,0.2770,0.5250,,150,2860
270 WIN: Hornady 130gr CX ,0.2770,0.0000,,130,3000
270 WIN: Hornady 130gr CX ,0.2770,0.0000,,130,3190
270 WIN: Hornady 130gr InterLock  SP,0.2770,0.0000,,130,3060
270 WIN: Hornady 130gr SST ,0.2770,0.0000,,130,3050
270 WIN: Hornady 130gr SST ,0.2770,0.0000,,130,3200
270 WIN: Hornady 140gr InterLock  SP,0.2770,0.0000,,140,2940
270 WIN: Hornady 140gr SST ,0.2770,0.0000,,140,3090
270 WIN: Hornady 145gr ELD-X ,0.2770,0.0000,,145,2970
270 WIN: Nosler 130gr BTA BT,0.2770,0.0000,,130,3075
270 WIN: Nosler 130gr ETA ET,0.2770,0.0000,,130,2950
270 WIN: Nosler 130gr TGA AB,0.2770,0.0000,,130,3075
270 WIN: Nosler 130gr TGA PT,0.2770,0.0000,,130,3050
270 WIN: Nosler 130gr WCA SB,0.2770,0.0000,,130,3060
270 WIN: Nosler 140gr BTA BT,0.2770,0.0000,,140,2900
270 WIN: Nosler 150gr TGA PT,0.2770,0.0000,,150,2800
270 WIN: Nosler 150gr TGA-LR ABLR,0.2770,0.0000,,150,2850
270 WIN: User Data,0.2770,0.0000,,0,0
270 WIN: Winchester 130gr Ballistic Silvertip,0.2770,0.4330,,130,3050
270 WIN: Winchester 130gr Copper Extreme Point,0.2770,0.4180,,130,3000
270 WIN: Winchester 130gr Extreme Point,0.2770,0.4500,,130,3060
270 WIN: Winchester 130gr Power-Point,0.2770,0.3720,,130,3060
270 WIN: Winchester 150gr Accubond LR,0.2770,0.5910,,150,2900
270 WIN: Winchester 150gr Power-Point,0.2770,0.3440,,150,2850
270 WSM: Hornady 130gr CX ,0.2770,0.0000,,130,3150
270 WSM: Hornady 145gr ELD-X ,0.2770,0.0000,,145,3100
270 WSM: Nosler 130gr ETA ET,0.2770,0.0000,,130,3200
270 WSM: Nosler 140gr TGA AB,0.2770,0.0000,,140,3100
270 WSM: Nosler 150gr NCA PT,0.2770,0.0000,,150,3050
270 WSM: Nosler 150gr TGA-LR ABLR,0.2770,0.0000,,150,3050
270 WSM: Remington 130gr Core-Lokt Pntd SP,0.2770,0.3360,,130,3285
270 WSM: Winchester 130gr Copper Extreme Point,0.2770,0.4180,,130,3215
270 WSM: Winchester 130gr Extreme Point,0.2770,0.4500,,130,3275
270 WSM: Winchester 150gr Ballistic Silvertip,0.2770,0.4960,,150,3120
270 WSM: Winchester 150gr Power-Point,0.2770,0.3440,,150,3150
275 RIGBY: Hornady 140gr InterLock  SP,0.2750,0.0000,,140,2680
28 NOSLER: Federal 155gr Terminal Ascent,0.2840,0.5860,0.3000,155,3200
28 NOSLER: Hornady 162gr ELD-X ,0.2840,0.0000,,162,3175
28 NOSLER: Nosler 150gr ETA ET,0.2840,0.0000,,150,3250
28 NOSLER: Nosler 160gr BTA BT,0.2840,0.0000,,160,3200
28 NOSLER: Nosler 160gr TGA AB,0.2840,0.0000,,160,3300
28 NOSLER: Nosler 160gr TGA PT,0.2840,0.0000,,160,3250
28 NOSLER: Nosler 168gr MGA CC,0.2840,0.0000,,168,3075
28 NOSLER: Nosler 175gr NCA PT,0.2840,0.0000,,175,3100
28 NOSLER: Nosler 175gr TGA-LR ABLR,0.2840,0.0000,,175,3125
28 NOSLER: Nosler 185gr MG-RDF RDF,0.2840,0.0000,,185,2950
28 NOSLER: User Data,0.2840,0.0000,,0,0
28 NOSLER: Winchester 150gr Copper Extreme Point,0.2840,0.4780,,150,3250
280 ACKLEY IMP: Hornady 162gr ELD-X ,0.2840,0.0000,,162,2850
280 ACKLEY IMPRD: Federal 140gr Trophy Copper,0.2840,0.4890,,140,3075
280 ACKLEY IMPRD: Federal 155gr Terminal Ascent,0.2840,0.5860,0.3000,155,2930
280 ACKLEY IMPRD: Federal 168gr Berger Hybrid Hunter,0.2840,0.5660,0.2900,168,2830
280 ACKLEY IMPRD: Nosler 140gr BTA BT,0.2840,0.0000,,140,3100
280 ACKLEY IMPRD: Nosler 140gr ETA ET,0.2840,0.0000,,140,3100
280 ACKLEY IMPRD: Nosler 140gr TGA AB,0.2840,0.0000,,140,3100
280 ACKLEY IMPRD: Nosler 150gr TGA-LR ABLR,0.2840,0.0000,,150,2930
280 ACKLEY IMPRD: Nosler 160gr TGA AB,0.2840,0.0000,,160,2950
280 ACKLEY IMPRD: Nosler 160gr TGA PT,0.2840,0.0000,,160,2950
280 ACKLEY IMPRD: Nosler 168gr NCA ABLR,0.2840,0.0000,,168,2875
280 ACKLEY IMPROVED: User Data,0.2840,0.0000,,0,0
280 REM: Federal 140gr Trophy Bonded Tip,0.2840,0.4300,,140,2950
280 REM: Hornady 150gr ELD-X ,0.2840,0.0000,,150,2925
280 REM: Nosler 140gr BTA BT,0.2840,0.0000,,140,3000
280 REM: Nosler 140gr ETA ET,0.2840,0.0000,,140,2925
280 REM: Nosler 140gr TGA AB,0.2840,0.0000,,140,3000
280 REM: Nosler 160gr NCA PT,0.2840,0.0000,,160,2725
280 REM: Remington 140gr Core-Lokt Pntd SP,0.2840,0.3900,,140,3000
280 REM: Remington 140gr Core-Lokt Tipped,0.2840,0.4860,,140,3020
280 REM: Remington 150gr Core-Lokt Pntd SP,0.2840,0.3460,,150,2890
280 REM: Remington 165gr Core-Lokt SP,0.2840,0.2900,,165,2820
280 REM: User Data,0.2840,0.0000,,0,0
284 WIN: Winchester 150gr Power-Point,0.3080,0.3640,,150,2860
30 CARBINE: Hornady 110gr FTX,0.3080,0.0000,,110,2000
30 CARBINE: Remington 110gr Core-Lokt SP,0.3080,0.1660,,110,1990
30 CARBINE: Remington 110gr FMJ,0.3080,0.1660,,110,1990
30 CARBINE: User Data,0.3080,0.0000,,0,0
30 CARBINE: Winchester 110gr FMJ,0.3080,0.1800,,110,1990
30 CARBINE: Winchester 110gr Hollow SP,0.3080,0.1660,,110,1990
30 NOSLER: Nosler 180gr ETA ET,0.3080,0.0000,,180,3100
30 NOSLER: Nosler 180gr TGA AB,0.3080,0.0000,,180,3200
30 NOSLER: Nosler 200gr TGA AB,0.3080,0.0000,,200,3000
30 NOSLER: Nosler 200gr TGA PT,0.3080,0.0000,,200,3000
30 NOSLER: Nosler 210gr TGA-LR ABLR,0.3080,0.0000,,210,3000
30 NOSLER: User Data,0.3080,0.0000,,0,0
30 REM AR: Remington 150gr Core-Lokt Pntd SP,0.3080,0.3140,,150,2575
30 SUPER CARRY: Remington 100gr FMJ,0.3120,0.1650,,100,1250
30 SUPER CARRY: Remington 100gr JHP,0.3120,0.1650,,100,1235
30 SUPER CARRY: User Data,0.3120,0.0000,,0,0
30 Thompson Ctr: Hornady 150gr SST ,0.3080,0.0000,,150,3000
30-06 SPRG: Federal 165gr Barnes Triple-Shock,0.3080,0.3980,,165,2800
30-06 SPRG: Federal 165gr Swift Scirocco Ii,0.3080,0.4700,,165,2800
30-06 SPRG: Federal 165gr Trophy Bonded Tip,0.3080,0.4500,,165,2800
30-06 SPRG: Federal 168gr Berger Hybrid Hunter,0.3080,0.4890,0.2510,168,2800
30-06 SPRG: Federal 168gr Sierra Matchking Bthp,0.3080,0.4630,0.2240,168,2700
30-06 SPRG: Federal 175gr Terminal Ascent,0.3080,0.5200,0.2580,175,2730
30-06 SPRG: Federal 178gr Eld-X,0.3080,0.5520,0.2780,178,2760
30-06 SPRG: Federal 180gr Barnes Triple-Shock,0.3080,0.4530,,180,2700
30-06 SPRG: Federal 180gr Trophy Bonded Tip,0.3080,0.5000,,180,2700
30-06 SPRG: Federal 180gr Trophy Copper,0.3080,0.5230,,180,2700
30-06 SPRG: Fiocchi 150gr COPPER HP,0.3080,0.4000,,150,2950
30-06 SPRG: Fiocchi 150gr PSP,0.3080,0.3800,,150,2910
30-06 SPRG: Fiocchi 165gr HPBT GK,0.3080,0.2240,,165,2850
30-06 SPRG: Fiocchi 165gr PSP,0.3080,0.4040,,165,2800
30-06 SPRG: Fiocchi 165gr SCIROCCO,0.3080,0.4700,,165,2875
30-06 SPRG: Fiocchi 180gr PSP,0.3080,0.4520,,180,2700
30-06 SPRG: Fiocchi 180gr SST,0.3080,0.4800,,180,2675
30-06 SPRG: Hornady 125gr SST ,0.3080,0.0000,,125,2700
30-06 SPRG: Hornady 150gr CX ,0.3080,0.0000,,150,3080
30-06 SPRG: Hornady 150gr CX ,0.3080,0.0000,,150,3000
30-06 SPRG: Hornady 150gr InterLock  SP,0.3080,0.0000,,150,2910
30-06 SPRG: Hornady 150gr SST ,0.3080,0.0000,,150,3080
30-06 SPRG: Hornady 165gr CX ,0.3080,0.0000,,165,2940
30-06 SPRG: Hornady 165gr SST ,0.3080,0.0000,,165,2900
30-06 SPRG: Hornady 165gr SST ,0.3080,0.0000,,165,2960
30-06 SPRG: Hornady 168gr ELD  Match,0.3080,0.0000,,168,2710
30-06 SPRG: Hornady 178gr ELD-X ,0.3080,0.0000,,178,2750
30-06 SPRG: Hornady 180gr CX ,0.3080,0.0000,,180,2700
30-06 SPRG: Hornady 180gr InterLock  SP,0.3080,0.0000,,180,2700
30-06 SPRG: Hornady 180gr SST ,0.3080,0.0000,,180,2820
30-06 SPRG: Lapua 123gr FMJ,0.3080,0.0000,,123,2935
30-06 SPRG: Lapua 170gr Naturalis,0.3080,0.0000,,170,2723
30-06 SPRG: Lapua 185gr Mega,0.3080,0.0000,,185,2625
30-06 SPRG: Lapua 200gr Mega,0.3080,0.0000,,200,2545
30-06 SPRG: Nosler 125gr BTA BT,0.3080,0.0000,,125,3100
30-06 SPRG: Nosler 150gr TGA PT,0.3080,0.0000,,150,3000
30-06 SPRG: Nosler 150gr WCA SB,0.3080,0.0000,,150,2950
30-06 SPRG: Nosler 165gr BTA BT,0.3080,0.0000,,165,2950
30-06 SPRG: Nosler 165gr TGA AB,0.3080,0.0000,,165,2950
30-06 SPRG: Nosler 165gr TGA PT,0.3080,0.0000,,165,2950
30-06 SPRG: Nosler 165gr WCA SB,0.3080,0.0000,,165,2900
30-06 SPRG: Nosler 168gr ETA ET,0.3080,0.0000,,168,2800
30-06 SPRG: Nosler 168gr TGA-LR ABLR,0.3080,0.0000,,168,2800
30-06 SPRG: Nosler 180gr BTA BT,0.3080,0.0000,,180,2750
30-06 SPRG: Nosler 180gr ETA ET,0.3080,0.0000,,180,2750
30-06 SPRG: Nosler 180gr TGA AB,0.3080,0.0000,,180,2750
30-06 SPRG: Nosler 180gr TGA PT,0.3080,0.0000,,180,2750
30-06 SPRG: Nosler 190gr NCA ABLR,0.3080,0.0000,,190,2700
30-06 SPRG: Remington 125gr Core-Lokt Pntd SP,0.3080,0.2680,,125,3140
30-06 SPRG: Remington 150gr Copper-tipped BT,0.3080,0.4180,,150,2930
30-06 SPRG: Remington 150gr Core-Lokt Copper,0.3080,0.2780,,150,2910
30-06 SPRG: Remington 150gr Core-Lokt Pntd SP,0.3080,0.3140,,150,2910
30-06 SPRG: Remington 150gr Core-Lokt Tipped,0.3080,0.4150,,150,2930
30-06 SPRG: Remington 150gr FMJ,0.3080,0.4220,,150,2910
30-06 SPRG: Remington 150gr Swift Scirocco Bonded,0.3080,0.4350,,150,2910
30-06 SPRG: Remington 165gr Core-Lokt Pntd SP,0.3080,0.3390,,165,2800
30-06 SPRG: Remington 165gr Core-Lokt Tipped,0.3080,0.4470,,165,2820
30-06 SPRG: Remington 172gr Speer Impact,0.3080,0.5220,,172,2825
30-06 SPRG: Remington 180gr Core-Lokt Pntd SP,0.3080,0.3830,,180,2700
30-06 SPRG: Remington 180gr Core-Lokt SP,0.3080,0.2480,,180,2700
30-06 SPRG: Remington 180gr Core-Lokt Tipped,0.3080,0.4800,,180,2745
30-06 SPRG: Remington 180gr Swift Scirocco Bonded,0.3080,0.5000,,180,2700
30-06 SPRG: Remington 220gr Core-Lokt SP,0.3080,0.2940,,220,2410
30-06 SPRG: User Data,0.3080,0.0000,,0,0
30-06 SPRG: Winchester 125gr Pntd SP,0.3080,0.2680,,125,3140
30-06 SPRG: Winchester 147gr FMJ,0.3080,0.4210,,147,3020
30-06 SPRG: Winchester 150gr Ballistic Silvertip,0.3080,0.4350,,150,2900
30-06 SPRG: Winchester 150gr Copper Extreme Point,0.3080,0.3870,,150,2920
30-06 SPRG: Winchester 150gr Extreme Point,0.3080,0.3920,,150,2920
30-06 SPRG: Winchester 150gr M2 Ball,0.3080,0.4200,,150,2740
30-06 SPRG: Winchester 150gr Power-Point,0.3080,0.2940,,150,2920
30-06 SPRG: Winchester 165gr Power-Point,0.3080,0.3410,,165,2800
30-06 SPRG: Winchester 180gr Ballistic Silvertip,0.3080,0.5070,,180,2750
30-06 SPRG: Winchester 180gr Copper Extreme Point,0.3080,0.4700,,180,2725
30-06 SPRG: Winchester 180gr Extreme Point,0.3080,0.4220,,180,2750
30-06 SPRG: Winchester 180gr Power-Point,0.3080,0.3810,,180,2700
30-06 SPRG: Winchester 190gr Accubond LR,0.3080,0.5970,,190,2750
30-30 WIN: Federal 150gr Barnes Triple-Shock,0.3080,0.1840,,150,2220
30-30 WIN: Federal 150gr Bonded HP,0.3080,0.0000,,150,2390
30-30 WIN: Federal 150gr Trophy Copper,0.3080,0.2220,,150,2300
30-30 WIN: Fiocchi 150gr FSP,0.3080,0.1860,,150,2390
30-30 WIN: Fiocchi 170gr FSP,0.3080,0.1890,,170,2200
30-30 WIN: Hornady 140gr MonoFlex ,0.3080,0.0000,,140,2465
30-30 WIN: Hornady 150gr RN,0.3080,0.0000,,150,2390
30-30 WIN: Hornady 160gr FTX ,0.3080,0.0000,,160,2400
30-30 WIN: Hornady 175gr SUB-X,0.3080,0.0000,,175,1050
30-30 WIN: Nosler 150gr BTA BT RN,0.3080,0.0000,,150,2390
30-30 WIN: Nosler 150gr ETA ET RN,0.3080,0.0000,,150,2250
30-30 WIN: Nosler 150gr WCA SB-RN,0.3080,0.0000,,150,2390
30-30 WIN: Remington 125gr Core-Lokt SP,0.3080,0.2150,,125,2175
30-30 WIN: Remington 150gr Core-Lokt SP,0.3080,0.1930,,150,2390
30-30 WIN: Remington 150gr Core-Lokt Tipped,0.3080,0.2720,,150,2390
30-30 WIN: Remington 170gr Core-Lokt HP,0.3080,0.2540,,170,2200
30-30 WIN: Remington 170gr Core-Lokt SP,0.3080,0.2540,,170,2200
30-30 WIN: User Data,0.3080,0.0000,,0,0
30-30 WIN: Winchester 150gr Ballistic Silvertip,0.3080,0.2320,,150,2390
30-30 WIN: Winchester 150gr Extreme Point,0.3080,0.2150,,150,2320
30-30 WIN: Winchester 150gr HP,0.3080,0.2180,,150,2390
30-30 WIN: Winchester 150gr Power-Point,0.3080,0.2180,,150,2390
30-30 WIN: Winchester 170gr Power-Point,0.3080,0.2410,,170,2200
30-378 WBY  MAG: User Data,0.3080,0.0000,,0,0
30-378 WBY MAG: Hornady 220gr ELD-X ,0.3080,0.0000,,220,3025
30-378 WBY MAG: Nosler 180gr NCA PT,0.3080,0.0000,,180,3400
30-378 WBY MAG: Nosler 180gr TGA AB,0.3080,0.0000,,180,3400
30-378 WBY MAG: Nosler 210gr TGA-LR ABLR,0.3080,0.0000,,210,3040
30-40 KRAG: Hornady 180gr InterLock  SP,0.3080,0.0000,,180,2430
30-40 KRAG: Remington 180gr Core-Lokt Pntd SP,0.3080,0.3830,,180,2430
30-40 KRAG: Winchester 180gr Power-Point,0.3080,0.3940,,180,2430
300 BLKOUT: User Data,0.3080,0.0000,,0,0
300 BLKOUT: Fiocchi 125gr SST,0.3080,0.3050,,125,2200
300 BLKOUT: Hornady 110gr CX,0.3080,0.0000,,110,2285
300 BLKOUT: Hornady 110gr NTX,0.3080,0.0000,,110,2070
300 BLKOUT: Hornady 110gr V-MAX,0.3080,0.0000,,110,2375
300 BLKOUT: Hornady 125gr FMJ,0.3080,0.0000,,125,2175
300 BLKOUT: Hornady 125gr HP Match,0.3080,0.0000,,125,2175
300 BLKOUT: Hornady 135gr FTX,0.3080,0.0000,,135,2085
300 BLKOUT: Hornady 190gr SUB-X,0.3080,0.0000,,190,1050
300 BLKOUT: Hornady 208gr A-MAX,0.3080,0.0000,,208,1020
300 BLKOUT: Hornady 208gr FMJ,0.3080,0.0000,,208,1025
300 BLKOUT: Nosler 110gr ETA ET,0.3080,0.0000,,110,2300
300 BLKOUT: Nosler 110gr VMG FB Tipped,0.3080,0.0000,,110,2200
300 BLKOUT: Nosler 125gr BTA BT,0.3080,0.0000,,125,2250
300 BLKOUT: Nosler 220gr BTA BT RN,0.3080,0.0000,,220,1020
300 BLKOUT: Nosler 220gr MGA CC,0.3080,0.0000,,220,1020
300 BLKOUT: Remington 120gr Core-Lokt Copper,0.3080,0.2510,,120,2100
300 BLKOUT: Remington 120gr Open Tip Flat Base,0.3080,0.2970,,120,2200
300 BLKOUT: Remington 125gr Core-Lokt Pntd SP,0.3080,0.0000,,125,
300 BLKOUT: Remington 125gr MatchKing OTM,0.3080,0.3300,,125,2215
300 BLKOUT: Remington 150gr FMJ,0.3080,0.3900,,150,1905
300 BLKOUT: Remington 220gr OTFB,0.3080,0.6800,,220,940
300 BLKOUT: Remington 220gr OTFB,0.3080,0.6800,,220,940
300 BLKOUT: Winchester 125gr Open Tip,0.3080,0.2670,,125,2165
300 BLKOUT: Winchester 125gr Open Tip,0.3080,0.2670,,125,2165
300 BLKOUT: Winchester 147gr FMJ,0.3080,0.4150,,147,1920
300 BLKOUT: Winchester 147gr FMJ,0.3080,0.4150,,147,1920
300 BLKOUT: Winchester 150gr Extreme Point,0.3080,0.3920,,150,1900
300 BLKOUT: Winchester 150gr Power-Point,0.3080,0.2940,,150,1890
300 BLKOUT: Winchester 150gr Silvertip Defense Tip,0.3080,0.3920,,150,1900
300 BLKOUT: Winchester 200gr JHP,0.3080,0.3060,,200,1060
300 BLKOUT: Winchester 200gr Open Tip,0.3080,0.2690,,200,1060
300 BLKOUT: Winchester 200gr Open Tip,0.3080,0.2690,,200,1060
300 BLKOUT: Winchester 200gr Open Tip,0.3080,0.2690,,200,1060
300 H&H MAG: Nosler 180gr NCA PT,0.3080,0.0000,,180,2850
300 H&H MAG: Nosler 180gr TGA AB,0.3080,0.0000,,180,2850
300 H&H MAG: User Data,0.3080,0.0000,,0,0
300 PRC: Federal 210gr Terminal Ascent,0.3080,0.6630,0.3410,210,2850
300 PRC: Federal 212gr Eld-X,0.3080,0.6630,0.3340,212,2860
300 PRC: Hornady 165gr SST ,0.3080,0.0000,,165,3200
300 PRC: Hornady 174gr ELD-VT ,0.3080,0.0000,,174,3150
300 PRC: Hornady 190gr CX ,0.3080,0.0000,,190,3000
300 PRC: Hornady 212gr ELD-X ,0.3080,0.0000,,212,2860
300 PRC: Hornady 225gr ELD  Match,0.3080,0.0000,,225,2810
300 PRC: Remington 210gr Core-Lokt Tipped,0.3080,0.0000,,210,3000
300 PRC: Remington 215gr Speer Impact,0.3080,0.6430,,215,2850
300 PRC: User Data,0.3080,0.0000,,0,0
300 RCM: Hornady 178gr ELD-X ,0.3080,0.0000,,178,2900
300 REM SA ULTRA MAG: Hornady 178gr ELD-X ,0.3080,0.0000,,178,2950
300 REM SA ULTRA MAG: Remington 165gr Core-Lokt Pntd SP,0.3080,0.3390,,165,3075
300 REM ULTRA MAG: Hornady 180gr CX ,0.3080,0.0000,,180,3200
300 REM ULTRA MAG: Hornady 220gr ELD-X ,0.3080,0.0000,,220,2910
300 REM ULTRA MAG: Remington 150gr Swift Scirocco Bonded,0.3080,0.4350,,150,3450
300 REM ULTRA MAG: Remington 180gr Core-Lokt Pntd SP,0.3080,0.3390,,180,3270
300 REM ULTRA MAG: Remington 180gr Core-Lokt Tipped,0.3080,0.4800,,180,3150
300 REM ULTRA MAG: Remington 180gr Swift Scirocco Bonded,0.3080,0.5000,,180,3250
300 REM ULTRA MAG: Remington 190gr Speer Impact,0.3080,0.5960,,190,3100
300 REM ULTRA MAG: User Data,0.3080,0.0000,,0,0
300 RUM: Nosler 165gr TGA PT,0.3080,0.0000,,165,3350
300 RUM: Nosler 180gr ETA ET,0.3080,0.0000,,180,3200
300 RUM: Nosler 180gr TGA AB,0.3080,0.0000,,180,3250
300 RUM: Nosler 180gr TGA PT,0.3080,0.0000,,180,3200
300 RUM: Nosler 200gr TGA AB,0.3080,0.0000,,200,3050
300 RUM: Nosler 210gr TGA-LR ABLR,0.3080,0.0000,,210,2920
300 SAUM: Nosler 150gr NCA AB,0.3080,0.0000,,150,3200
300 SAUM: Nosler 165gr TGA PT,0.3080,0.0000,,165,3025
300 SAUM: Nosler 180gr NCA AB,0.3080,0.0000,,180,2900
300 SAUM: Nosler 180gr TGA PT,0.3080,0.0000,,180,2950
300 SAUM: User Data,0.3080,0.0000,,0,0
300 SAVAGE: Hornady 150gr SST ,0.3080,0.0000,,150,2740
300 SAVAGE: Remington 150gr Core-Lokt Pntd SP,0.3080,0.3140,,150,2630
300 SAVAGE: User Data,0.3080,0.0000,,0,0
300 SAVAGE: Winchester 150gr Power-Point,0.3080,0.2940,,150,2630
300 WBY MAG: Hornady 180gr CX ,0.3080,0.0000,,180,3100
300 WBY MAG: Hornady 200gr ELD-X ,0.3080,0.0000,,200,2960
300 WBY MAG: Nosler 180gr ETA ET,0.3080,0.0000,,180,3050
300 WBY MAG: Nosler 180gr NCA PT,0.3080,0.0000,,180,3175
300 WBY MAG: Nosler 180gr TGA AB,0.3080,0.0000,,180,3175
300 WBY MAG: Nosler 210gr TGA-LR ABLR,0.3080,0.0000,,210,2825
300 WBY MAG: Remington 180gr Core-Lokt Pntd SP,0.3080,0.3830,,180,3120
300 WBY MAG: User Data,0.3080,0.0000,,0,0
300 WIN MAG: Federal 165gr Barnes Triple-Shock,0.3080,0.3980,,165,3050
300 WIN MAG: Federal 165gr Trophy Bonded Tip,0.3080,0.4500,,165,3050
300 WIN MAG: Federal 165gr Trophy Copper,0.3080,0.5030,0.3050,165,3050
300 WIN MAG: Federal 175gr Terminal Ascent,0.3080,0.5200,0.2580,175,3030
300 WIN MAG: Federal 180gr Barnes Triple-Shock,0.3080,0.4530,,180,2960
300 WIN MAG: Federal 180gr Swift Scirocco Ii,0.3080,0.5200,,180,2950
300 WIN MAG: Federal 180gr Trophy Bonded Tip,0.3080,0.5000,,180,2960
300 WIN MAG: Federal 180gr Trophy Copper,0.3080,0.5230,,180,2960
300 WIN MAG: Federal 185gr Berger Hybrid Hunter,0.3080,,0.2730,185,2950
300 WIN MAG: Federal 190gr Sierra Matchking Bthp,0.3080,0.5330,0.2750,190,2900
300 WIN MAG: Federal 200gr Eld-X,0.3080,0.5970,0.3010,200,2860
300 WIN MAG: Federal 200gr Terminal Ascent,0.3080,0.6080,0.3040,200,2810
300 WIN MAG: Federal 215gr Berger Hybrid,0.3080,0.6910,0.3540,215,2825
300 WIN MAG: Fiocchi 165gr COPPER HP,0.3080,0.4100,,165,3100
300 WIN MAG: Fiocchi 180gr PSP,0.3080,0.4520,,180,3000
300 WIN MAG: Fiocchi 180gr SCIROCCO,0.3080,0.5200,,180,3020
300 WIN MAG: Fiocchi 180gr SST,0.3080,0.4800,,180,3000
300 WIN MAG: Fiocchi 190gr HPBT MK,0.3080,0.5330,,190,2900
300 WIN MAG: Hornady 150gr InterLock  SP,0.3080,0.0000,,150,3275
300 WIN MAG: Hornady 165gr CX ,0.3080,0.0000,,165,3260
300 WIN MAG: Hornady 165gr SST ,0.3080,0.0000,,165,3150
300 WIN MAG: Hornady 178gr ELD  Match,0.3080,0.0000,,178,2960
300 WIN MAG: Hornady 178gr ELD-X ,0.3080,0.0000,,178,2960
300 WIN MAG: Hornady 180gr CX ,0.3080,0.0000,,180,2960
300 WIN MAG: Hornady 180gr InterLock  SP,0.3080,0.0000,,180,2960
300 WIN MAG: Hornady 180gr SST ,0.3080,0.0000,,180,3130
300 WIN MAG: Hornady 195gr ELD  Match,0.3080,0.0000,,195,2930
300 WIN MAG: Hornady 200gr ELD-X ,0.3080,0.0000,,200,2860
300 WIN MAG: Lapua 170gr Naturalis,0.3080,0.0000,,170,2959
300 WIN MAG: Lapua 185gr Mega,0.3080,0.0000,,185,2723
300 WIN MAG: Lapua 185gr Scenar,0.3080,0.0000,,185,2953
300 WIN MAG: Nosler 165gr NCA PT,0.3080,0.0000,,165,3100
300 WIN MAG: Nosler 180gr BTA BT,0.3080,0.0000,,180,2950
300 WIN MAG: Nosler 180gr ETA ET,0.3080,0.0000,,180,2950
300 WIN MAG: Nosler 180gr TGA AB,0.3080,0.0000,,180,2950
300 WIN MAG: Nosler 180gr TGA PT,0.3080,0.0000,,180,2950
300 WIN MAG: Nosler 190gr TGA-LR ABLR,0.3080,0.0000,,190,2870
300 WIN MAG: Nosler 200gr NCA AB,0.3080,0.0000,,200,2800
300 WIN MAG: Nosler 200gr TGA PT,0.3080,0.0000,,200,2750
300 WIN MAG: Nosler 210gr MGA-RDF RDF,0.3080,0.0000,,210,2750
300 WIN MAG: Remington 150gr Core-Lokt Pntd SP,0.3080,0.2940,,150,3290
300 WIN MAG: Remington 180gr Copper-tipped BT,0.3080,0.4690,,180,2960
300 WIN MAG: Remington 180gr Core-Lokt Copper,0.3080,0.3300,,180,2850
300 WIN MAG: Remington 180gr Core-Lokt Pntd SP,0.3080,0.3830,,180,2960
300 WIN MAG: Remington 180gr Core-Lokt Tipped,0.3080,0.4810,,180,2980
300 WIN MAG: Remington 180gr Swift Scirocco Bonded,0.3080,0.5070,,180,2960
300 WIN MAG: Remington 190gr Speer Impact,0.3080,0.5960,,190,2885
300 WIN MAG: User Data,0.3080,0.0000,,0,0
300 WIN MAG: Winchester 150gr Copper Extreme Point,0.3080,0.3870,,150,3260
300 WIN MAG: Winchester 150gr Extreme Point,0.3080,0.3920,,150,3260
300 WIN MAG: Winchester 150gr Power-Point,0.3080,0.2940,,150,3290
300 WIN MAG: Winchester 180gr AccuBond CT,0.3080,0.5090,,180,2950
300 WIN MAG: Winchester 180gr Ballistic Silvertip,0.3080,0.5070,,180,2950
300 WIN MAG: Winchester 180gr Copper Extreme Point,0.3080,0.4700,,180,2950
300 WIN MAG: Winchester 180gr Extreme Point,0.3080,0.4220,,180,2950
300 WIN MAG: Winchester 180gr Power-Point,0.3080,0.4380,,180,2960
300 WIN MAG: Winchester 190gr Accubond LR,0.3080,0.5970,,190,2900
300 WIN MAG: Winchester 195gr BC Max,0.3080,0.5690,,195,2900
300 WIN SHORT MAG: Federal 165gr Barnes Triple-Shock,0.3080,0.3980,,165,3130
300 WIN SHORT MAG: Federal 165gr Trophy Bonded Tip,0.3080,0.4500,,165,3130
300 WIN SHORT MAG: Federal 165gr Trophy Copper,0.3080,0.5030,,165,3120
300 WIN SHORT MAG: Federal 180gr Swift Scirocco Ii,0.3080,0.5200,,180,2960
300 WIN SHORT MAG: Federal 180gr Trophy Bonded Tip,0.3080,0.5000,,180,2960
300 WIN SHORT MAG: Federal 180gr Trophy Copper,0.3080,0.5230,,180,2960
300 WIN SHORT MAG: Federal 185gr Berger Hybrid Hunter,0.3080,,0.2730,185,2950
300 WIN SHORT MAG: Federal 200gr Eld-X,0.3080,0.5970,0.3010,200,2820
300 WIN SHORT MAG: Federal 200gr Terminal Ascent,0.3080,0.6080,0.3040,200,2810
300 WIN SHORT MAG: User Data,0.3080,0.0000,,0,0
300 WSM: Hornady 165gr InterLock ,0.3080,0.0000,,165,3130
300 WSM: Hornady 180gr CX ,0.3080,0.0000,,180,2900
300 WSM: Hornady 200gr ELD-X ,0.3080,0.0000,,200,2820
300 WSM: Nosler 165gr BTA BT,0.3080,0.0000,,165,3125
300 WSM: Nosler 180gr ETA ET,0.3080,0.0000,,180,2900
300 WSM: Nosler 180gr TGA AB,0.3080,0.0000,,180,2950
300 WSM: Nosler 190gr TGA-LR ABLR,0.3080,0.0000,,190,2875
300 WSM: Remington 150gr Core-Lokt Pntd SP,0.3080,0.2940,,150,3320
300 WSM: Remington 150gr Core-Lokt Tipped,0.3080,0.4150,,150,3340
300 WSM: Remington 180gr Swift Scirocco Bonded,0.3080,0.5070,,180,2980
300 WSM: Winchester 150gr Copper Extreme Point,0.3080,0.3870,,150,3200
300 WSM: Winchester 150gr Extreme Point,0.3080,0.3920,,150,3260
300 WSM: Winchester 180gr Ballistic Silvertip,0.3080,0.5070,,180,3010
300 WSM: Winchester 180gr Copper Extreme Point,0.3080,0.4700,,180,2900
300 WSM: Winchester 180gr Extreme Point,0.3080,0.4220,,180,2900
300 WSM: Winchester 180gr Power-Point,0.3080,0.4380,,180,2970
300 WSM: Winchester 190gr Accubond LR,0.3080,0.5970,,190,2875
300 WSM: Winchester 195gr BC MAX,0.3080,0.5890,,195,2900
303 BRITISH: Hornady 150gr InterLock  SP,0.3120,0.0000,,150,2685
303 BRITISH: Remington 174gr FMJ,0.3120,0.3150,,174,2475
303 BRITISH: Remington 180gr Core-Lokt SP,0.3120,0.2470,,180,2460
303 BRITISH: User Data,0.3120,0.0000,,0,0
303 BRITISH: Winchester 180gr Power-Point,0.3120,0.3690,,180,2460
307 WIN: Winchester 180gr Power-Point,0.3080,0.2530,,180,2510
308 MARLIN EXP: Hornady 160gr FTX ,0.3080,0.0000,,160,2660
308 MARLIN EXP: Remington 150gr Core-Lokt Pntd SP,0.3080,0.1930,,150,2725
308 WIN (7.62X51): User Data,0.3080,0.0000,,0,0
308 WIN: Federal 150gr Barnes Triple-Shock,0.3080,0.3690,,150,2820
308 WIN: Federal 150gr Trophy Copper,0.3080,0.4690,,150,2820
308 WIN: Federal 165gr Barnes Triple-Shock,0.3080,0.3980,,165,2650
308 WIN: Federal 165gr Swift Scirocco Ii,0.3080,0.4700,,165,2700
308 WIN: Federal 165gr Trophy Bonded Tip,0.3080,0.4500,,165,2700
308 WIN: Federal 165gr Trophy Copper,0.3080,0.5030,,165,2700
308 WIN: Federal 168gr Berger Hybrid Hunter,0.3080,0.4890,0.2510,168,2700
308 WIN: Federal 168gr Centerstrike Otm,0.3080,0.4500,0.2210,168,2650
308 WIN: Federal 168gr Sierra Matchking Bthp,0.3080,0.4620,0.2240,168,2650
308 WIN: Federal 175gr Centerstrike Otm,0.3080,0.5050,0.2570,175,2600
308 WIN: Federal 175gr Sierra Matchking Bthp,0.3080,0.5050,0.2500,175,2600
308 WIN: Federal 175gr Terminal Ascent,0.3080,0.5200,0.2580,175,2600
308 WIN: Federal 178gr Eld-X,0.3080,0.5520,0.2780,178,2610
308 WIN: Federal 180gr Trophy Bonded Tip,0.3080,0.5000,,180,2620
308 WIN: Federal 185gr Berger Juggernaut Otm,0.3080,0.5520,0.2830,185,2600
308 WIN: Fiocchi 150gr COPPER HP,0.3080,0.4000,,150,2900
308 WIN: Fiocchi 150gr PSP,0.3080,0.3800,,150,2820
308 WIN: Fiocchi 150gr SCIROCCO,0.3080,0.4300,,150,2875
308 WIN: Fiocchi 150gr SST,0.3080,0.4150,,150,2860
308 WIN: Fiocchi 165gr PSP,0.3080,0.4350,,165,2700
308 WIN: Fiocchi 168gr HPBT MK,0.3080,0.4620,,168,2650
308 WIN: Fiocchi 175gr HPBT MK,0.3080,0.4960,,175,2595
308 WIN: Fiocchi 180gr SST,0.3080,0.4800,,180,2570
308 WIN: Hornady 125gr SST ,0.3080,0.0000,,125,2675
308 WIN: Hornady 150gr CX ,0.3080,0.0000,,150,2900
308 WIN: Hornady 150gr CX ,0.3080,0.0000,,150,2800
308 WIN: Hornady 150gr InterLock  SP,0.3080,0.0000,,150,2820
308 WIN: Hornady 150gr SST ,0.3080,0.0000,,150,2810
308 WIN: Hornady 150gr SST ,0.3080,0.0000,,150,3000
308 WIN: Hornady 150gr SST ,0.3080,0.0000,,150,2820
308 WIN: Hornady 155gr A-MAX ,0.3080,0.0000,,155,2850
308 WIN: Hornady 155gr BTHP Match,0.3080,0.0000,,155,2700
308 WIN: Hornady 155gr FTX ,0.3080,0.0000,,155,2785
308 WIN: Hornady 165gr CX ,0.3080,0.0000,,165,2610
308 WIN: Hornady 165gr CX ,0.3080,0.0000,,165,2750
308 WIN: Hornady 165gr InterLock  SP,0.3080,0.0000,,165,2700
308 WIN: Hornady 165gr SST ,0.3080,0.0000,,165,2840
308 WIN: Hornady 168gr A-MAX ,0.3080,0.0000,,168,2700
308 WIN: Hornady 168gr BTHP,0.3080,0.0000,,168,2700
308 WIN: Hornady 168gr ELD  Match,0.3080,0.0000,,168,2700
308 WIN: Hornady 168gr ELD  Match,0.3080,0.0000,,168,2840
308 WIN: Hornady 178gr BTHP,0.3080,0.0000,,178,2600
308 WIN: Hornady 178gr ELD-X ,0.3080,0.0000,,178,2600
308 WIN: Hornady 180gr SST ,0.3080,0.0000,,180,2650
308 WIN: Lapua 123gr FMJ,0.3080,0.0000,,123,2935
308 WIN: Lapua 150gr Mega,0.3080,0.0000,,150,2790
308 WIN: Lapua 155gr Scenar-L,0.3080,0.0000,,155,2820
308 WIN: Lapua 167gr Scenar,0.3080,0.0000,,167,2690
308 WIN: Lapua 170gr Lock Base,0.3080,0.0000,,170,2756
308 WIN: Lapua 170gr Lock Base,0.3080,0.0000,,170,2441
308 WIN: Lapua 170gr Naturalis,0.3080,0.0000,,170,2625
308 WIN: Lapua 175gr Scenar-L,0.3080,0.0000,,175,2602
308 WIN: Lapua 185gr FMJBT,0.3080,0.0000,,185,2490
308 WIN: Lapua 185gr Mega,0.3080,0.0000,,185,2690
308 WIN: Lapua 185gr Scenar,0.3080,0.0000,,185,2475
308 WIN: Lapua 200gr FMJBT,0.3080,0.0000,,200,1066
308 WIN: Nosler 110gr VMG FB Tipped,0.3080,0.0000,,110,3150
308 WIN: Nosler 125gr BTA BT,0.3080,0.0000,,125,3100
308 WIN: Nosler 150gr BTA BT,0.3080,0.0000,,150,2850
308 WIN: Nosler 150gr TGA AB,0.3080,0.0000,,150,2875
308 WIN: Nosler 150gr WCA SB,0.3080,0.0000,,150,2850
308 WIN: Nosler 165gr BTA BT,0.3080,0.0000,,165,2800
308 WIN: Nosler 165gr TGA AB,0.3080,0.0000,,165,2800
308 WIN: Nosler 165gr TGA PT,0.3080,0.0000,,165,2800
308 WIN: Nosler 165gr WCA SB,0.3080,0.0000,,165,2800
308 WIN: Nosler 168gr ETA ET,0.3080,0.0000,,168,2750
308 WIN: Nosler 168gr MGA HPBT,0.3080,0.0000,,168,2750
308 WIN: Nosler 168gr TGA-LR ABLR,0.3080,0.0000,,168,2750
308 WIN: Nosler 175gr MGA HPBT,0.3080,0.0000,,175,2600
308 WIN: Nosler 175gr MGA-RDF RDF,0.3080,0.0000,,175,2650
308 WIN: Remington 150gr Core-Lokt Copper,0.3080,0.2780,,150,2820
308 WIN: Remington 150gr Core-Lokt Pntd SP,0.3080,0.3140,,150,2820
308 WIN: Remington 150gr Core-Lokt Tipped,0.3080,0.4150,,150,2840
308 WIN: Remington 150gr FMJ,0.3080,0.4220,,150,2810
308 WIN: Remington 165gr Core-Lokt Tipped,0.3080,0.4470,,165,2700
308 WIN: Remington 165gr Swift Scirocco Bonded,0.3080,0.4750,,165,2680
308 WIN: Remington 168gr MatchKing OTM,0.3080,0.4750,,168,2680
308 WIN: Remington 172gr Speer Impact,0.3080,0.5220,,172,2635
308 WIN: Remington 175gr MatchKing OTM,0.3080,0.4960,,175,2610
308 WIN: Remington 180gr Core-Lokt Pntd SP,0.3080,0.3830,,180,2620
308 WIN: Remington 180gr Core-Lokt SP,0.3080,0.2480,,180,2620
308 WIN: Remington 180gr Core-Lokt Tipped,0.3080,0.4800,,180,2640
308 WIN: Remington 180gr Pntd SP Boattail,0.3080,0.3930,,180,2615
308 WIN: Remington 190gr BHP,0.3080,0.0000,,190,0
308 WIN: User Data,0.3080,0.0000,,0,0
32 AUTO 7.65MM BRWN: Remington 71gr FMJ,0.3120,0.1310,,71,905
32 AUTO: Hornady 60 gr  FTX ,0.3120,0.0000,,60 ,1000
32 AUTO: Hornady 60 gr  XTP ,0.3120,0.0000,,60 ,1000
32 AUTO: User Data,0.3120,0.0000,,0,0
32 H&R MAG: Remington 85gr JHP,0.3120,0.1000,,85,1120
32 H&R MAG: Remington 95gr LSWC,0.3120,0.1400,,95,1020
32 H&R MAG: User Data,0.3120,0.0000,,0,0
32 S&W LONG: Remington 98gr LRN,0.3120,0.1190,,98,705
32 S&W: Remington 88gr LRN,0.3120,0.1140,,88,680
32 WIN SPECIAL: User Data,0.3210,0.0000,,0,0
32 WIN SPL: Hornady 165gr FTX ,0.3210,0.0000,,165,2410
32 WIN SPL: Remington 170gr Core-Lokt SP,0.3210,0.2390,,170,2250
32 WIN SPL: Remington 170gr Core-Lokt Tipped,0.3210,0.2520,,170,2250
32-20 WIN: Remington 100gr Lead,0.3120,0.1660,,100,1210
325 WIN SHORT MAG: User Data,0.3230,0.0000,,0,0
325 WSM: Nosler 180gr ETA ET,0.3230,0.0000,,180,3050
325 WSM: Nosler 200gr TGA AB,0.3230,0.0000,,200,2900
327 FED MAG: Federal 127gr Bonded HP,0.3120,0.0000,,127,1650
327 FED MAG: Federal 127gr Bonded HP,0.3120,0.0000,,127,1650
327 FED MAG: Hornady 80 gr  FTX ,0.3120,0.0000,,80 ,1475
327 FED MAG: Remington 100gr JSP,0.3120,0.1600,,100,1500
327 FED MAG: Remington 110gr SJHP,0.3120,0.0980,,110,1295
327 FED MAG: Remington 125gr BJHP,0.3120,0.0730,,125,1220
327 FED MAG: Remington 125gr JSP,0.3120,0.0000,,125,1450
327 FED MAG: Remington 125gr SJHP,0.3120,0.1250,,125,1450
327 FED MAG: Remington 158gr LSWC,0.3120,0.1450,,158,1235
327 FED MAG: Remington 158gr SJHP,0.3120,0.1450,,158,1235
327 FED MAG: Remington 158gr SP,0.3120,0.1450,,158,1235
327 FED MAG: Remington 180gr SJHP,0.3120,0.1630,,180,1145
327 FED MAG: Remington 180gr SJHP,0.3120,0.2100,,0,0
327 FED MAG: User Data,0.3120,0.0000,,0,0
33 NOSLER: Nosler 225gr ETA ET,0.3380,0.0000,,225,2850
33 NOSLER: Nosler 225gr TGA AB,0.3380,0.0000,,225,3025
33 NOSLER: Nosler 250gr TGA PT,0.3380,0.0000,,250,2750
33 NOSLER: Nosler 265gr TGA-LR ABLR,0.3380,0.0000,,265,2775
33 NOSLER: User Data,0.3380,0.0000,,0,0
338 ARC: Hornady 170gr MonoFlex,0.3380,0.0000,,170,2075
338 ARC: Hornady 175gr HP Match,0.3380,0.0000,,175,2075
338 ARC: Hornady 215gr FTX,0.3380,0.0000,,215,1900
338 ARC: Hornady 285gr FMJ,0.3380,0.0000,,285,1050
338 ARC: Hornady 307gr SUB-X,0.3380,0.0000,,307,1050
338 FED: Federal 200gr Trophy Bonded Tip,0.3380,0.4400,,200,2630
338 FED: Federal 200gr Trophy Copper,0.3380,0.4250,,200,2630
338 FED: User Data,0.3380,0.0000,,0,0
338 LAPUA MAG: Federal 250gr Sierra Matchking Bthp,0.3380,0.5870,0.3180,250,2950
338 LAPUA MAG: Federal 250gr Trophy Copper,0.3380,0.6250,,250,2850
338 LAPUA MAG: Federal 300gr Sierra Matchking Bthp,0.3380,0.7680,0.3870,300,2580
338 LAPUA MAG: Hornady 240gr CX ,0.3380,0.0000,,240,2900
338 LAPUA MAG: Hornady 250gr BTHP,0.3380,0.0000,,250,2860
338 LAPUA MAG: Hornady 270gr ELD-X ,0.3380,0.0000,,270,2800
338 LAPUA MAG: Hornady 285gr ELD  Match,0.3380,0.0000,,285,2745
338 LAPUA MAG: Lapua 231gr Naturalis,0.3380,0.0000,,231,3018
338 LAPUA MAG: Lapua 231gr Naturalis,0.3380,0.0000,,231,3018
338 LAPUA MAG: Lapua 248gr Armor Piercing,0.3380,0.0000,,248,2970
338 LAPUA MAG: Lapua 250gr Lock Base,0.3380,0.0000,,250,2953
338 LAPUA MAG: Lapua 250gr Lock Base,0.3380,0.0000,,250,2953
338 LAPUA MAG: Lapua 250gr Scenar,0.3380,0.0000,,250,2970
338 LAPUA MAG: Lapua 250gr Scenar,0.3380,0.0000,,250,2970
338 LAPUA MAG: Lapua 253gr Incendiary,0.3380,0.0000,,253,2936
338 LAPUA MAG: Lapua 300gr Armor Piercing,0.3380,0.0000,,300,2723
338 LAPUA MAG: Lapua 300gr Incendiary,0.3380,0.0000,,300,4929
338 LAPUA MAG: Lapua 300gr Scenar,0.3380,0.0000,,300,2690
338 LAPUA MAG: Lapua 300gr Scenar,0.3380,0.0000,,300,2723
338 LAPUA MAG: Nosler 250gr MGA CC,0.3380,0.0000,,250,2900
338 LAPUA MAG: Nosler 250gr NCA AB,0.3380,0.0000,,250,2850
338 LAPUA MAG: Nosler 300gr MGA HPBT,0.3380,0.0000,,300,2650
338 LAPUA MAG: Nosler 300gr NCA ABLR,0.3380,0.0000,,300,2650
338 LAPUA MAG: Nosler 300gr TGA AB,0.3380,0.0000,,300,2650
338 LAPUA MAG: User Data,0.3380,0.0000,,0,0
338 MARLIN EXP: Hornady 200gr FTX ,0.3380,0.0000,,200,2565
338 MARLIN EXP: Remington 250gr SP,0.3380,0.2910,,250,2215
338 RCM: Hornady 225gr SST ,0.3380,0.0000,,225,2750
338 REM ULTRA MAG: Remington 250gr Core-Lokt Pntd SP,0.3380,0.4310,,250,2860
338 REM ULTRA MAG: User Data,0.3380,0.0000,,0,0
338 RUM: Nosler 225gr TGA AB,0.3380,0.0000,,225,2975
338 WIN MAG: Hornady 200gr SST ,0.3380,0.0000,,200,3030
338 WIN MAG: Hornady 225gr CX ,0.3380,0.0000,,225,2800
338 WIN MAG: Hornady 225gr SST ,0.3380,0.0000,,225,2840
338 WIN MAG: Hornady 230gr ELD-X ,0.3380,0.0000,,230,2810
338 WIN MAG: Nosler 210gr TGA PT,0.3380,0.0000,,210,2850
338 WIN MAG: Nosler 225gr ETA ET,0.3380,0.0000,,225,2750
338 WIN MAG: Nosler 225gr TGA AB,0.3380,0.0000,,225,2750
338 WIN MAG: Nosler 250gr TGA AB,0.3380,0.0000,,250,2650
338 WIN MAG: Nosler 250gr TGA PT,0.3380,0.0000,,250,2600
338 WIN MAG: Remington 225gr Core-Lokt Pntd SP,0.3380,0.4350,,225,2780
338 WIN MAG: Remington 250gr Core-Lokt Pntd SP,0.3380,0.4310,,250,2660
338 WIN MAG: User Data,0.3380,0.0000,,0,0
348 WIN: Hornady 200gr FTX ,0.3480,0.0000,,200,2560
35 REM: Federal 220gr Bonded HP,0.3580,0.0000,,220,1990
35 REM: Hornady 200gr FTX ,0.3580,0.0000,,200,2225
35 REM: Remington 150gr Core-Lokt Pntd SP,0.3580,0.1840,,150,2300
35 REM: Remington 200gr Core-Lokt SP,0.3580,0.1920,,200,2080
35 REM: Remington 200gr Core-Lokt Tipped,0.3580,0.2810,,200,2100
35 REM: User Data,0.3580,0.0000,,0,0
35 WHELEN: Hornady 200gr InterLock  SP,0.3580,0.0000,,200,2910
35 WHELEN: Nosler 225gr NCA PT,0.3580,0.0000,,225,2650
35 WHELEN: Nosler 225gr TGA AB,0.3580,0.0000,,225,2700
35 WHELEN: Nosler 250gr NCA PT,0.3580,0.0000,,250,2550
35 WHELEN: Remington 200gr Core-Lokt Pntd SP,0.3580,0.2940,,200,2675
35 WHELEN: Remington 250gr Pntd SP,0.3580,0.4090,,250,2400
35 WHELEN: User Data,0.3580,0.0000,,0,0
350 LEGEND: Hornady 165gr FTX ,0.3550,0.0000,,165,2200
350 LEGEND: Hornady 170gr InterLock  SP,0.3550,0.0000,,170,2200
350 LEGEND: Hornady 250gr SUB-Xâ¢,0.3550,0.0000,,250,1050
350 LEGEND: Nosler 180gr WCA SW,0.3550,0.0000,,180,2100
350 LEGEND: Remington 180gr Core-Lokt SP,0.3550,0.2450,,180,2100
350 LEGEND: User Data,0.3570,0.0000,,0,0
350 REM MAG: Nosler 225gr NCA PT,0.3580,0.0000,,225,2550
350 REM MAG: User Data,0.3580,0.0000,,0,0
357 MAG: Federal 170gr Bonded SP,0.3357,0.0000,,170,1610
357 MAG: Federal 170gr Bonded SP,0.3357,0.0000,,170,1610
357 MAG: Hornady 125gr FTX ,0.3357,0.0000,,125,1500
357 MAG: Hornady 125gr XTP ,0.3357,0.0000,,125,1500
357 MAG: Hornady 130gr MonoFlex ,0.3357,0.0000,,130,1250
357 MAG: Hornady 135gr DGH,0.3357,0.0000,,135,1510
357 MAG: Hornady 135gr FlexLock ,0.3357,0.0000,,135,1275
357 MAG: Hornady 140gr FTX ,0.3357,0.0000,,140,1440
357 MAG: Hornady 158gr XTP ,0.3357,0.0000,,158,1250
357 S&W MAG: User Data,0.3570,0.0000,,0,0
357 SIG: Hornady 135gr FlexLock ,0.3550,0.0000,,135,1225
357 SIG: Hornady 147gr XTP ,0.3550,0.0000,,147,1225
357 SIG: Remington 125gr BBJHP,0.3550,0.1180,,125,1350
357 SIG: Remington 125gr FMJ,0.3550,0.1100,,125,1350
357 SIG: Remington 125gr JHP,0.3550,0.1180,,125,1350
357 SIG: User Data,0.3550,0.0000,,0,0
358 WIN: Hornady 200gr InterLock  SP,0.3580,0.0000,,200,2475
360 BUCKHAMMER: Federal 220gr Bonded SP,0.3580,0.0000,,220,2000
360 BUCKHAMMER: Remington 160gr Core-Lokt Copper,0.3580,0.1900,,160,2275
360 BUCKHAMMER: Remington 180gr Core-Lokt SP,0.3580,0.1630,,180,2400
360 BUCKHAMMER: Remington 180gr Core-Lokt Tipped,0.3580,0.2120,,180,2400
360 BUCKHAMMER: Remington 200gr Core-Lokt SP,0.3580,0.1840,,200,2180
360 BUCKHAMMER: User Data,0.3580,0.0000,,0,0
375 H&H MAG: Federal 300gr Swift A-Frame,0.3750,0.3250,,300,2450
375 H&H MAG: Federal 300gr Trophy Bonded Bear Claw,0.3750,0.3420,,300,2400
375 H&H MAG: Federal 300gr Trophy Bonded Sldghmmr Solid,0.3750,0.2530,,300,2440
375 H&H MAG: Federal 300gr Woodleigh Hydro,0.3750,0.2600,,300,2500
375 H&H MAG: Hornady 250gr CX ,0.3750,0.0000,,250,2700
375 H&H MAG: Hornady 270gr InterLock  SP-R,0.3750,0.0000,,270,2800
375 H&H MAG: Hornady 300gr DGS ,0.3750,0.0000,,300,2530
375 H&H MAG: Hornady 300gr DGX  Bonded,0.3750,0.0000,,300,2530
375 H&H MAG: Nosler 260gr ETA ET,0.3750,0.0000,,260,2700
375 H&H MAG: Nosler 260gr NCA AB,0.3750,0.0000,,260,2756
375 H&H MAG: Nosler 260gr TGA PT,0.3750,0.0000,,260,2750
375 H&H MAG: Nosler 300gr TGA AB,0.3750,0.0000,,300,2400
375 H&H MAG: Nosler 300gr TGA PT,0.3750,0.0000,,300,2450
375 H&H MAG: Nosler 300gr TGA SD,0.3750,0.0000,,300,2550
375 H&H MAG: Remington 270gr SP,0.3750,0.2670,,270,2690
375 H&H MAG: User Data,0.3750,0.0000,,0,0
375 REM ULTRA MAG: Remington 270gr SP,0.3750,0.2670,,270,2900
375 RUGER: Hornady 250gr CX ,0.3750,0.0000,,250,2800
375 RUGER: Hornady 270gr InterLock  SP-R,0.3750,0.0000,,270,2840
375 RUGER: Hornady 300gr DGS ,0.3750,0.0000,,300,2660
375 RUGER: Hornady 300gr DGX  Bonded,0.3750,0.0000,,300,2660
376 STEYR: Hornady 225gr InterLock  SP-R,0.3750,0.0000,,225,2600
376 STEYR: Hornady 270gr InterLock  SP-R,0.3750,0.0000,,270,2600
38 S&W SPECIAL +P: User Data,0.3570,0.0000,,0,0
38 S&W SPECIAL: User Data,0.3570,0.0000,,0,0
38 S&W: Remington 146gr LRN,0.3570,0.1260,,146,685
38 SHORT COLT: Remington 125gr LRN,0.3750,0.1010,,125,730
38 SPL +P: Hornady 110gr FTX ,0.3570,0.0000,,110,1090
38 SPL: Hornady 110gr FTX ,0.3570,0.0000,,110,1010
38 SPL: Hornady 125gr XTP ,0.3570,0.0000,,125,900
38 SPL: Hornady 158gr XTP ,0.3570,0.0000,,158,800
38 SPL: Hornady 90 gr TX ,0.3570,0.0000,,90 ,1200
38 SPL: Remington 110gr SJHP,0.3570,0.1260,,110,950
38 SPL: Remington 110gr SJHP +P,0.3570,0.1280,,110,995
38 SPL: Remington 125gr BJHP +P,0.3570,0.1770,,125,975
38 SPL: Remington 125gr JHP +P,0.3570,0.1620,,125,945
38 SPL: Remington 125gr SJHP +P,0.3570,0.1620,,125,945
38 SPL: Remington 130gr FMJ,0.3570,0.2130,,130,800
38 SPL: Remington 148gr TMWC,0.3570,0.0560,,148,710
38 SPL: Remington 158gr LHP +P,0.3570,0.1870,,158,890
38 SPL: Remington 158gr LRN,0.3570,0.1480,,158,755
38 SPL: Remington 158gr LRN,0.3570,0.1480,,158,755
38 SPL: Remington 158gr LSWC,0.3570,0.1480,,158,755
38 SUPER +P: User Data,0.3560,0.0000,,0,0
38 SUPER AUTO +P: Remington 130gr FMJ +P,0.3560,0.1580,,130,1215
380 AUTO: Hornady 90 gr  FTX ,0.3550,0.0000,,90 ,1000
380 AUTO: Hornady 90 gr  XTP ,0.3550,0.0000,,90 ,1000
380 AUTO: Remington 102gr BJHP,0.3550,0.1950,,102,940
380 AUTO: Remington 88gr JHP,0.3550,0.1300,,88,990
380 AUTO: Remington 95gr FMJ,0.3550,0.0770,,95,955
380 AUTO: Remington 95gr FNEB,0.3550,0.0770,,95,955
380 AUTO: User Data,0.3550,0.0000,,0,0
4.6X30MM: Hornady 38 gr V-MAX ,0.1830,0.0000,,38 ,2100
40 S&W: Hornady 135gr MonoFlex ,0.4000,0.0000,,135,1130
40 S&W: Hornady 155gr XTP ,0.4000,0.0000,,155,1180
40 S&W: Hornady 165gr FTX ,0.4000,0.0000,,165,1045
40 S&W: Hornady 175gr FlexLock ,0.4000,0.0000,,175,1010
40 S&W: Hornady 180gr XTP ,0.4000,0.0000,,180,950
40 S&W: Hornady 180gr XTP ,0.4000,0.0000,,180,950
40 S&W: Remington 155gr JHP,0.4000,0.1630,,155,1205
40 S&W: Remington 165gr BBJHP,0.4000,0.1350,,165,1150
40 S&W: Remington 165gr BJHP,0.4000,0.1350,,165,1150
40 S&W: Remington 165gr FMJ,0.4000,0.0680,,165,1150
40 S&W: Remington 180gr BBJHP,0.4000,0.1770,,180,1015
40 S&W: Remington 180gr BJHP,0.4000,0.1770,,180,1015
40 S&W: Remington 180gr FMJ,0.4000,0.1780,,180,990
40 S&W: Remington 180gr FNEB,0.4000,0.1780,,180,990
40 S&W: Remington 180gr JHP,0.4000,0.1770,,180,1015
40 S&W: Remington 180gr JHP,0.4000,0.1770,,180,1015
40 S&W: User Data,0.4000,0.0000,,0,0
400 LEGEND: Hornady 210gr InterLock ,0.4005,0.0000,,210,2200
400 LEGEND: Nosler 215gr WCA SW,0.4005,0.0000,,215,2250
400 LEGEND: Remington 210gr Core-Lokt SP,0.4005,0.2070,,210,2250
400 LEGEND: User Data,0.4005,0.0000,,0,0
404 JEFFERY: Hornady 400gr DGS ,0.4220,0.0000,,400,2300
404 JEFFERY: Hornady 400gr DGX  Bonded,0.4200,0.0000,,400,2300
405 WIN: Hornady 300gr InterLock  SP,0.4115,0.0000,,300,2200
41 REM MAG: Hornady 190gr FTX ,0.4160,0.0000,,190,1620
41 REM MAG: Hornady 210gr XTP ,0.4160,0.0000,,210,1545
41 REM MAG: Remington 210gr SJHP,0.4160,0.1800,,210,1240
41 REM MAG: User Data,0.4100,0.0000,,0,0
416 REM MAG: Federal 400gr Swift A-Frame,0.4160,0.3670,,400,2400
416 REM MAG: Federal 400gr Trophy Bonded Bear Claw,0.4160,0.3730,,400,2400
416 REM MAG: Federal 400gr Trophy Bonded Sldghmmr Solid,0.4160,0.2730,,400,2400
416 REM MAG: Federal 400gr Woodleigh Hydro,0.4160,0.2600,,400,2400
416 REM MAG: Hornady 400gr DGS ,0.4160,0.0000,,400,2400
416 REM MAG: Hornady 400gr DGX  Bonded,0.4160,0.0000,,400,2400
416 REM MAG: User Data,0.4160,0.0000,,0,0
416 RIGBY: Federal 400gr Swift A-Frame,0.4160,0.3670,,400,2350
416 RIGBY: Federal 400gr Trophy Bonded Bear Claw,0.4160,0.3740,,400,2300
416 RIGBY: Federal 400gr Trophy Bonded Sldghmmr Solid,0.4160,0.2730,,400,2370
416 RIGBY: Federal 400gr Woodleigh Hydro,0.4160,0.2600,,400,2400
416 RIGBY: Hornady 400gr DGS ,0.4160,0.0000,,400,2415
416 RIGBY: Hornady 400gr DGX  Bonded,0.4160,0.0000,,400,2415
416 RIGBY: User Data,0.4160,0.0000,,0,0
416 RUGER: Hornady 400gr DGS ,0.4160,0.0000,,400,2400
416 RUGER: Hornady 400gr DGX  Bonded,0.4160,0.0000,,400,2400
44 REM MAG: Federal 270gr Bonded HP,0.4290,0.0000,,270,1715
44 REM MAG: Federal 270gr Bonded SP,0.4290,0.0000,,270,1715
44 REM MAG: Hornady 200gr MonoFlex ,0.4290,0.0000,,200,1475
44 REM MAG: Hornady 200gr XTP ,0.4290,0.0000,,200,1500
44 REM MAG: Hornady 225gr FTX ,0.4290,0.0000,,225,1410
44 REM MAG: Hornady 240gr DGH,0.4290,0.0000,,240,1620
44 REM MAG: Hornady 240gr XTP ,0.4290,0.0000,,240,1350
44 REM MAG: Hornady 300gr XTP ,0.4290,0.0000,,300,1150
44 REM MAG: Remington 180gr JSP,0.4290,0.1230,,180,1610
44 REM MAG: Remington 240gr JSP,0.4290,0.1720,,240,1180
44 REM MAG: Remington 240gr SJHP,0.4290,0.1700,,240,1220
44 REM MAG: Remington 240gr SJHP,0.4290,0.1720,,240,1180
44 REM MAG: User Data,0.4290,0.0000,,0,0
44 S&W SPECIAL: User Data,0.4290,0.0000,,0,0
44 S&W SPL: Remington 246gr LRN,0.4290,0.1580,,246,755
44 SPL: Hornady 165gr FTX ,0.4290,0.0000,,165,900
44-40 WIN: Hornady 205gr Cowboy,0.4290,0.0000,,205,725
444 MARLIN: Federal 270gr Bonded HP,0.4290,0.0000,,270,2250
444 MARLIN: Hornady 265gr FTX ,0.4290,0.0000,,265,2325
444 MARLIN: Hornady 265gr InterLock  FP,0.4290,0.0000,,265,2400
444 MARLIN: Remington 240gr Core-Lokt SP,0.4290,0.1460,,240,2350
444 MARLIN: Remington 280gr Core-Lokt Tipped,0.4290,0.1770,,280,2100
444 MARLIN: User Data,0.4290,0.0000,,0,0
45 AUTO +P: Hornady 160gr MonoFlex ,0.4520,0.0000,,160,1110
45 AUTO +P: Hornady 220gr FlexLock ,0.4520,0.0000,,220,975
45 AUTO +P: Hornady 230gr XTP ,0.4520,0.0000,,230,950
45 AUTO +P: User Data,0.4520,0.0000,,0,0
45 AUTO: Hornady 185gr FTX ,0.4520,0.0000,,185,900
45 AUTO: Hornady 185gr XTP ,0.4520,0.0000,,185,970
45 AUTO: Hornady 200gr XTP ,0.4520,0.0000,,200,900
45 AUTO: Hornady 230gr XTP ,0.4520,0.0000,,230,925
45 AUTO: Remington 185gr BBJHP,0.4520,0.1490,,185,1015
45 AUTO: Remington 185gr BJHP,0.4520,0.1490,,185,1015
45 AUTO: Remington 185gr BJHP +P,0.4520,0.1500,,185,1140
45 AUTO: Remington 185gr FMJ,0.4520,0.1490,,185,1015
45 AUTO: Remington 185gr JHP,0.4520,0.1490,,185,1000
45 AUTO: Remington 230gr BBJHP,0.4520,0.1480,,230,875
45 AUTO: Remington 230gr BJHP,0.4520,0.1480,,230,875
45 AUTO: Remington 230gr FMJ,0.4520,0.1610,,230,835
45 AUTO: Remington 230gr FNEB,0.4520,0.1590,,230,830
45 AUTO: Remington 230gr FNEB,0.4520,0.1610,,230,835
45 AUTO: Remington 230gr JHP,0.4520,0.1610,,230,835
45 AUTO: Remington 230gr JHP,0.4520,0.1610,,230,835
45 AUTO: User Data,0.4520,0.0000,,0,0
45 CAL: Hornady 200gr LD SABOT,0.4520,0.0000,,200,2325
45 COLT: Federal 250gr Bonded HP,0.4520,0.0000,,250,1025
45 COLT: Federal 250gr Bonded HP,0.4520,0.0000,,250,1025
45 COLT: Hornady 185gr FTX ,0.4520,0.0000,,185,920
45 COLT: Hornady 225gr FTX ,0.4520,0.0000,,225,960
45 COLT: Hornady 255gr Cowboy,0.4520,0.0000,,255,725
45 COLT: Remington 225gr LSWC,0.4520,0.1010,,225,830
45 COLT: Remington 230gr JHP,0.4520,0.1490,,230,850
45 COLT: Remington 250gr LRN,0.4520,0.1420,,250,750
45 COLT: User Data,0.4520,0.0000,,0,0
45 GAP: Remington 230gr FMJ,0.4510,0.1620,,230,880
45-70 GOVT: Federal 300gr Bonded HP,0.4580,0.0000,,300,1850
45-70 GOVT: Federal 300gr Trophy Bonded Bear Claw,0.4580,0.2150,,300,1850
45-70 GOVT: Fiocchi 300gr HPFN,0.4580,0.1850,,300,1900
45-70 GOVT: Hornady 250gr MonoFlex ,0.4580,0.0000,,250,2025
45-70 GOVT: Hornady 325gr FTX ,0.4580,0.0000,,325,2000
45-70 GOVT: Hornady 410gr SUB-X,0.4580,0.0000,,410,1075
45-70 GOVT: Nosler 300gr WCA SW,0.4580,0.0000,,300,1950
45-70 GOVT: Remington 300gr Core-Lokt Tipped,0.4580,0.1970,,300,2100
45-70 GOVT: Remington 300gr Semi-Jacketed HP,0.4580,0.2130,,300,1900
45-70 GOVT: Remington 405gr Core-Lokt SP,0.4580,0.2810,,405,1330
45-70 GOVT: Remington 405gr Core-Lokt SP,0.4580,0.2810,,405,1600
45-70 GOVT: User Data,0.4580,0.0000,,0,0
450 BUSHMASTER: Hornady 245gr InterLock,0.4520,0.0000,,245,2200
450 BUSHMASTER: Hornady 250gr FTX,0.4520,0.0000,,250,2200
450 BUSHMASTER: Hornady 250gr FTX,0.4520,0.0000,,250,2200
450 BUSHMASTER: Hornady 395gr SUB-X,0.4520,0.0000,,395,1050
450 BUSHMASTER: Remington 260gr AccuTip,0.4520,0.1440,,260,2130
450 BUSHMASTER: Remington 260gr Core-Lokt SP,0.4520,0.1610,,260,2150
450 BUSHMASTER: Remington 260gr FMJ,0.4520,0.1860,,260,2040
450 BUSHMASTER: User Data,0.4520,0.0000,,0,0
450 MARLIN: Hornady 325gr FTX ,0.4580,0.0000,,325,2225
450 NITRO EXP 3¼"": Hornady 480gr DGS ",0.4580,0.0000,,480,2150
450 NITRO EXP 3¼"": Hornady 480gr DGX  Bonded",0.4580,0.0000,,480,2150
450-400 NITRO EXP 3"": Hornady 400gr DGS ",0.4110,0.0000,,400,2050
450-400 NITRO EXP 3"": Hornady 400gr DGX  Bonded",0.4110,0.0000,,400,2050
454 CASULL: User Data,0.4520,0.0000,,0,0
458 LOTT: Federal 500gr Trophy Bonded Bear Claw,0.4580,0.2820,,500,2300
458 LOTT: Federal 500gr Trophy Bonded Sldghmmr Solid,0.4580,0.3280,,500,2300
458 LOTT: Hornady 500gr DGS ,0.4580,0.0000,,500,2300
458 LOTT: Hornady 500gr DGX  Bonded,0.4580,0.0000,,500,2300
458 LOTT: User Data,0.4580,0.0000,,0,0
458 WIN MAG: Federal 400gr Trophy Bonded Bear Claw,0.4580,0.3530,,400,2250
458 WIN MAG: Federal 500gr Swift A-Frame,0.4580,0.3610,,500,2090
458 WIN MAG: Federal 500gr Trophy Bonded Bear Claw,0.4580,0.2820,,500,2090
458 WIN MAG: Federal 500gr Trophy Bonded Sldghmmr Solid,0.4580,0.3280,,500,1950
458 WIN MAG: Hornady 500gr DGS  SPF,0.4580,0.0000,,500,2140
458 WIN MAG: Hornady 500gr DGX  Bonded SPF,0.4580,0.0000,,500,2140
458 WIN MAG: User Data,0.4580,0.0000,,0,0
460 S&W: User Data,0.4520,0.0000,,0,0
470 NITRO EXP: Federal 500gr Trophy Bonded Bear Claw,0.4740,0.2990,,500,2150
470 NITRO EXP: Federal 500gr Trophy Bonded Sldghmmr Solid,0.4740,0.2800,,500,2150
470 NITRO EXP: Hornady 500gr DGS ,0.4740,0.0000,,500,2150
470 NITRO EXP: Hornady 500gr DGX  Bonded,0.4740,0.0000,,500,2150
470 NITRO EXP: Nosler 500gr SAFARI SD,0.4740,0.0000,,500,2100
470 NITRO EXP: User Data,0.4740,0.0000,,0,0
5.45X39MM: Hornady 60gr V-MAX,0.2200,0.0000,,60 ,2810
5.56 NATO: Hornady 55gr FMJ (M193) ,0.2230,0.0000,,55 ,3240
5.56 NATO: Hornady 55gr HP M,0.2230,0.0000,,55 ,3240
5.56 NATO: Hornady 55gr X,0.2230,0.0000,,55 ,3175
5.56 NATO: Hornady 62gr BTHP Match,0.2230,0.0000,,62 ,3060
5.56 NATO: Hornady 62gr FMJ,0.2230,0.0000,,62 ,3060
5.56 NATO: Hornady 62gr Spire Point,0.2230,0.0000,,62 ,3060
5.56 NATO: Hornady 62gr FMJ,0.2230,0.0000,,62 ,3060
5.56 NATO: Hornady 68gr BTHP Match,0.2230,0.0000,,68 ,2960
5.56 NATO: Hornady 75gr BTHP Match,0.2230,0.0000,,75 ,2860
5.56 NATO: Hornady 75gr BTHP,0.2230,0.0000,,75 ,2910
5.56 NATO: Hornady 75gr InterLock  HD S,0.2230,0.0000,,75 ,2310
5.56 NATO: Winchester 77gr BTHP Match,0.2230,0.340,,77,2750
5.56X45MM: User Data,0.2240,0.0000,,0,0
5.7X28MM: Hornady 40gr  FTX ,0.2240,0.0000,,40 ,1810
5.7X28MM: Hornady 40gr  V-MAX ,0.2240,0.0000,,40 ,1810
50 ACTION EXP: User Data,0.5000,0.0000,,0,0
50 BMG: Hornady 750gr . A-MAX,0.5100,0.0000,,750,2815
50 CAL: Hornady 250gr LD SABOT,0.5000,0.0000,,250,2250
50 CAL: Hornady 250gr MONOFLEX,0.5000,0.0000,,250,2250
50 CAL: Hornady 250gr SPD SABOT,0.5000,0.0000,,250,2250
50 CAL: Hornady 290gr BD FTX,0.5000,0.0000,,290,1920
50 CAL: Hornady 300gr LD SABOT,0.5000,0.0000,,300,2130
50 CAL: Hornady 300gr SPD SABOT,0.5000,0.0000,,300,2130
50 CAL: Hornady 340gr BD ELD-X,0.5000,0.0000,,340,1850
500 NITRO EXP 3"": Hornady 570gr DGS ",0.5100,0.0000,,570,2120
500 NITRO EXP 3"": Hornady 570gr DGX  Bonded",0.5100,0.0000,,570,2120
500 NITRO EXP: Federal 570gr Swift A-Frame,0.5100,0.3060,,570,2100
500 NITRO EXP: Federal 570gr Woodleigh Hydro,0.5100,0.2600,,570,2100
500 NITRO EXP: Nosler 570gr SAFARI SD,0.5100,0.0000,,570,2100
500 NITRO EXP: User Data,0.5100,0.0000,,0,0
500 S&W: User Data,0.5000,0.0000,,0,0
6.5 CREEDMOOR: Federal 120gr Trophy Copper,0.2640,0.4530,,120,2875
6.5 CREEDMOOR: Federal 130gr Barnes Triple-Shock,0.2640,0.3650,,130,2825
6.5 CREEDMOOR: Federal 130gr Berger Hybrid Otm,0.2640,0.5600,0.2870,130,2825
6.5 CREEDMOOR: Federal 130gr Swift Scirocco Ii,0.2640,0.5710,,130,2800
6.5 CREEDMOOR: Federal 130gr Terminal Ascent,0.2640,0.5320,0.2630,130,2800
6.5 CREEDMOOR: Federal 140gr Berger Hybrid,0.2640,0.6070,0.3110,140,2725
6.5 CREEDMOOR: Federal 140gr Centerstrike Otm,0.2640,0.5540,0.2850,140,2675
6.5 CREEDMOOR: Federal 140gr Sierra Matchking Bthp,0.2640,0.5350,0.2610,140,2675
6.5 CREEDMOOR: Federal 143gr Eld-X,0.2640,0.6250,0.3150,143,2700
6.5 CREEDMOOR: Fiocchi 120gr COPPER HP,0.2640,0.3800,,120,2900
6.5 CREEDMOOR: Fiocchi 129gr PSP,0.2640,0.4450,,129,2820
6.5 CREEDMOOR: Fiocchi 129gr SST,0.2640,0.4850,,129,2820
6.5 CREEDMOOR: Fiocchi 130gr SCIROCCO,0.2640,0.5710,,130,2820
6.5 CREEDMOOR: Fiocchi 142gr HPBT MK,0.2640,0.6110,,142,2675
6.5 CREEDMOOR: Hornady 100gr ELD-VT ,0.2640,0.0000,,100,3200
6.5 CREEDMOOR: Hornady 120gr CX ,0.2640,0.0000,,120,2925
6.5 CREEDMOOR: Hornady 120gr CX ,0.2640,0.0000,,120,3050
6.5 CREEDMOOR: Hornady 120gr ELD  Match,0.2640,0.0000,,120,2910
6.5 CREEDMOOR: Hornady 129gr InterLock ,0.2640,0.0000,,129,2820
6.5 CREEDMOOR: Hornady 129gr SST ,0.2640,0.0000,,129,2810
6.5 CREEDMOOR: Hornady 129gr SST ,0.2640,0.0000,,129,2950
6.5 CREEDMOOR: Hornady 140gr BTHP Match,0.2640,0.0000,,140,2690
6.5 CREEDMOOR: Hornady 140gr ELD  Match,0.2640,0.0000,,140,2710
6.5 CREEDMOOR: Hornady 143gr ELD-X ,0.2640,0.0000,,143,2700
6.5 CREEDMOOR: Hornady 147gr ELD  Match,0.2640,0.0000,,147,2695
6.5 CREEDMOOR: Hornady 95 gr V-MAX ,0.2640,0.0000,,95 ,3300
6.5 CREEDMOOR: Lapua 123gr Scenar,0.2640,0.0000,,123,2790
6.5 CREEDMOOR: Lapua 136gr Scenar-L,0.2640,0.0000,,136,2740
6.5 CREEDMOOR: Lapua 140gr Naturalis,0.2640,0.0000,,140,2559
6.5 CREEDMOOR: Lapua 145gr Armour Piercing,0.2640,0.0000,,145,2772
6.5 CREEDMOOR: Lapua 155gr Scenar-L,0.2640,0.0000,,155,2820
6.5 CREEDMOOR: Lapua 156gr Mega,0.2640,0.0000,,156,2560
6.5 CREEDMOOR: Lapua 167gr Armor Piercing,0.2640,0.0000,,167,2805
6.5 CREEDMOOR: Lapua 167gr Scenar,0.2640,0.0000,,167,2690
6.5 CREEDMOOR: Lapua 170gr Lock Base,0.2640,0.0000,,170,2756
6.5 CREEDMOOR: Lapua 170gr Lock Base,0.2640,0.0000,,170,2441
6.5 CREEDMOOR: Lapua 170gr Naturalis,0.2640,0.0000,,170,2625
6.5 CREEDMOOR: Lapua 175gr Scenar-L,0.2640,0.0000,,175,2602
6.5 CREEDMOOR: Lapua 185gr D46,0.2640,0.0000,,185,2490
6.5 CREEDMOOR: Lapua 185gr Scenar,0.2640,0.0000,,185,2475
6.5 CREEDMOOR: Lapua 200gr Subsonic,0.2640,0.0000,,200,1066
6.5 CREEDMOOR: Nosler 120gr BTA BT,0.2640,0.0000,,120,2900
6.5 CREEDMOOR: Nosler 120gr ETA ET,0.2640,0.0000,,120,2850
6.5 CREEDMOOR: Nosler 129gr TGA-LR ABLR,0.2640,0.0000,,129,2850
6.5 CREEDMOOR: Nosler 140gr BTA BT,0.2640,0.0000,,140,2650
6.5 CREEDMOOR: Nosler 140gr MGA HPBT,0.2640,0.0000,,140,2650
6.5 CREEDMOOR: Nosler 140gr MGA-RDF RDF,0.2640,0.0000,,140,2650
6.5 CREEDMOOR: Nosler 140gr TGA AB,0.2640,0.0000,,140,2650
6.5 CREEDMOOR: Nosler 140gr TGA PT,0.2640,0.0000,,140,2650
6.5 CREEDMOOR: Nosler 140gr WCA SB,0.2640,0.0000,,140,2650
6.5 CREEDMOOR: Nosler 142gr TGA-LR ABLR,0.2640,0.0000,,142,2600
6.5 CREEDMOOR: Nosler 90gr VGA FB Tipped,0.2640,0.0000,,90,3300
6.5 CREEDMOOR: User Data,0.2640,0.0000,,0,0
6.5 GRENDEL: User Data,0.2640,0.0000,,0,0
6.5 GRENDEL: Federal 120gr  OTM,0.2640,0.421,,120,2610
6.5 GRENDEL: Hornady 100gr  ELD-VT ,0.2640,0.0000,,100,2730
6.5 GRENDEL: Hornady 123gr  ELD  Match,0.2640,0.0000,,123,2580
6.5 GRENDEL: Hornady 123gr  SST ,0.2640,0.510,,123,2580
6.5 GRENDEL: Hornady 123gr FMJ,0.2640,0.0000,,123,2580
6.5 GRENDEL: Hornady 90 gr CX ,0.2640,0.0000,,90 ,2910
6.5 GRENDEL: Nosler 120gr BTA BT,0.2640,0.0000,,120,2400
6.5 GRENDEL: Nosler 123gr MGA HPBT,0.2640,0.0000,,123,2400
6.5 GRENDEL: Nosler 129gr TGA ABLR,0.2640,0.0000,,129,2350
6.5 GRENDEL: Nosler 90gr VMG FB Tipped,0.2640,0.0000,,90,2800
6.5 PRC: Federal 120gr Trophy Copper,0.2770,0.4970,,120,3050
6.5 PRC: Federal 130gr Terminal Ascent,0.2770,0.5320,0.2630,130,3000
6.5 PRC: Federal 143gr Eld-X,0.2770,0.6250,0.3150,143,2900
6.5 PRC: Hornady 100gr ELD-VT ,0.2770,0.0000,,100,3450
6.5 PRC: Hornady 129gr SST ,0.2770,0.0000,,129,3120
6.5 PRC: Hornady 130gr CX ,0.2770,0.0000,,130,2975
6.5 PRC: Hornady 143gr ELD-X ,0.2770,0.0000,,143,2960
6.5 PRC: Hornady 147gr ELD  Match,0.2770,0.0000,,147,2910
6.5 PRC: Nosler 120gr ETA ET,0.2770,0.0000,,120,3100
6.5 PRC: Nosler 140gr BTA BT,0.2770,0.0000,,140,2900
6.5 PRC: Nosler 140gr TGA AB,0.2770,0.0000,,140,2900
6.5 PRC: Nosler 142gr TGA-LR ABLR,0.2770,0.0000,,142,2950
6.5 PRC: User Data,0.2770,0.0000,,0,0
6.5 PRC: Winchester 125gr Copper Extreme Point,0.2770,0.4280,,125,3100
6.5 PRC: Winchester 140gr Ballistic Silvertip,0.2770,0.5090,,140,3020
6.5 PRC: Winchester 140gr BC Max,0.2770,0.6170,,140,2900
6.5 PRC: Winchester 140gr Match BTHP,0.2770,0.5800,,140,3030
6.5 PRC: Winchester 140gr Open Tip,0.2770,0.3940,,140,3010
6.5 PRC: Winchester 142gr Accubond LR,0.2770,0.6250,,142,3020
6.5-284 NORMA: Nosler 140gr MGA HPBT,0.2770,0.0000,,140,2750
6.5-284 NORMA: Nosler 140gr TGA AB,0.2770,0.0000,,140,2750
6.5-284 NORMA: User Data,0.2640,0.0000,,0,0
6.5X47 Lapua: Lapua 120gr Scenar-L,0.2640,0.0000,,120,2772
6.5X47 Lapua: Lapua 123gr Scenar,0.2640,0.0000,,123,2790
6.5X47 Lapua: Lapua 136gr Scenar-L,0.2640,0.0000,,136,2625
6.5X47 Lapua: Lapua 139gr Scenar,0.2640,0.0000,,139,2690
6.5X47 Lapua: Lapua 140gr Naturalis,0.2640,0.0000,,140,2648
6.5X47 LAPUA: User Data,0.2640,0.0000,,0,0
6.5X55 SE: Lapua 100gr FMJ,0.2640,0.0000,,100,2725
6.5X55 SE: Lapua 100gr Scenar,0.2640,0.0000,,100,2620
6.5X55 SE: Lapua 108gr Scenar,0.2640,0.0000,,108,2950
6.5X55 SE: Lapua 120gr Scenar-L,0.2640,0.0000,,120,2723
6.5X55 SE: Lapua 120gr Scenar-L,0.2640,0.0000,,120,3018
6.5X55 SE: Lapua 123gr Scenar,0.2640,0.0000,,123,2720
6.5X55 SE: Lapua 123gr Scenar,0.2640,0.0000,,123,3015
6.5X55 SE: Lapua 136gr Scenar-L,0.2640,0.0000,,136,2674
6.5X55 SE: Lapua 139gr Scenar,0.2640,0.0000,,139,2625
6.5X55 SE: Lapua 140gr Naturalis,0.2640,0.0000,,140,2625
6.5X55 SE: Lapua 156gr Mega,0.2640,0.0000,,156,2560
6.5X55 SWEDISH: Federal 130gr Barnes Triple-Shock,0.2770,0.3650,,130,2550
6.5X55 SWEDISH: Nosler 120gr ETA ET,0.2770,0.0000,,120,2756
6.5X55 SWEDISH: Nosler 140gr BTA BT,0.2770,0.0000,,140,2600
6.5X55 SWEDISH: Nosler 140gr TGA AB,0.2770,0.0000,,140,2650
6.5X55 SWEDISH: Nosler 140gr WCA SB,0.2770,0.0000,,140,2600
6.5X55 SWEDISH: User Data,0.2640,0.0000,,0,0
6.5X55 SWEDISH: Winchester 140gr FMJ,0.2770,0.5130,,140,2550
6.5X55 SWEDISH: Winchester 140gr Power-Point,0.2770,0.4500,,140,2550
6.5X55MM: Hornady 140gr  SST ,0.2770,0.0000,,140,2735
6.8 REM SPC: Hornady 110gr FMJ,0.2770,0.0000,,110,2550
6.8 REM SPC: Nosler 115gr MGA CC,0.2770,0.0000,,115,2550
6.8 REM SPC: User Data,0.2770,0.0000,,0,0
6.8 SPC: Winchester 115gr Extreme Point,0.2770,0.3120,,115,2625
6.8 SPC: Winchester 115gr Open Tip,0.2770,0.3180,,115,2625
6.8 WESTERN: Winchester 162gr Copper Extreme Point,0.2770,0.5640,,162,2875
6.8 WESTERN: Winchester 165gr Accubond LR,0.2770,0.6200,,165,2970
6.8 WESTERN: Winchester 170gr Ballistic Silvertip,0.2770,0.5500,,170,2920
6.8 WESTERN: Winchester 170gr Match BTHP,0.2770,0.6330,,170,2910
6.8 WESTERN: Winchester 170gr Power-Point,0.2770,0.4310,,170,2920
6.8 WESTERN: Winchester 175gr BC Max,0.2770,0.6820,,175,2825
6.8MM SPC: Hornady 100gr CX ,0.2770,0.0000,,100,2550
6.8MM SPC: Hornady 110gr V-MAX,0.2770,0.0000,,110,2575
6.8MM SPC: Hornady 120gr SST,0.2770,0.0000,,120,2460
6MM ARC: Hornady 103gr  ELD-X ,0.2430,0.0000,,103,2800
6MM ARC: Hornady 105gr  BTHP,0.2430,0.0000,,105,2750
6MM ARC: Hornady 105gr FMJ,0.2430,0.0000,,105,2700
6MM ARC: Hornady 108gr  ELD  Match,0.2430,0.5360,,108,2750
6MM ARC: Hornady 80 gr ELD-VT ,0.2430,0.0000,,80 ,3020
6MM ARC: Hornady 90 gr CX ,0.2430,0.0000,,90 ,2975
6MM ARC: User Data,0.2430,0.0000,,0,0
6MM BR Norma: Lapua 105gr Scenar-L,0.2430,0.0000,,105,2674
6MM BR Norma: Lapua 90gr Scenar-L,0.2430,0.0000,,90,2950
6MM BR NORMA: User Data,0.2430,0.0000,,0,0
6MM CREEDMOOR: Federal 105gr Berger Hybrid,0.2430,0.5360,0.2750,105,3025
6MM CREEDMOOR: Federal 107gr Sierra Matchking Bthp,0.2430,0.5470,0.2710,107,3000
6MM CREEDMOOR: Federal 109gr Berger Hybrid,0.2430,0.5680,0.2920,109,2975
6MM CREEDMOOR: Hornady 103gr  ELD-X ,0.2430,0.0000,,103,3050
6MM CREEDMOOR: Hornady 105gr  BTHP,0.2430,0.0000,,105,2960
6MM CREEDMOOR: Hornady 108gr  ELD  Match,0.2430,0.0000,,108,2960
6MM CREEDMOOR: Hornady 80 gr ELD-VT ,0.2430,0.0000,,80 ,3300
6MM CREEDMOOR: Hornady 87 gr V-MAX ,0.2430,0.0000,,87 ,3210
6MM CREEDMOOR: Hornady 90 gr CX ,0.2430,0.0000,,90 ,3325
6MM CREEDMOOR: Nosler 105gr MG-RDF RDF,0.2430,0.0000,,105,3050
6MM CREEDMOOR: Nosler 70gr VMG FB Tipped,0.2430,0.0000,,70,3550
6MM CREEDMOOR: Nosler 90gr TGA AB,0.2430,0.0000,,90,3200
6MM CREEDMOOR: Remington 100gr Core-Lokt Pntd SP,0.2430,0.2720,,100,3000
6MM CREEDMOOR: Remington 107gr Matchking OTM,0.2430,0.5470,,107,3000
6MM CREEDMOOR: User Data,0.2430,0.0000,,0,0
6MM GT: Hornady 109gr  ELD  Match,0.2430,0.0000,,109,2870
6MM REM: Hornady 95 gr SST ,0.2430,0.0000,,95 ,3235
6MM REM: Remington 100gr Core-Lokt Pntd SP,0.2430,0.3560,,100,3100
6MM REM: Winchester 100gr Power-Point,0.2430,0.3560,,100,3100
7.62 X39MM: Hornady 123gr SST,0.3110,0.0000,,123,2350
7.62X39MM SOVIET: User Data,0.3120,0.0000,,0,0
7.62X39MM: Hornady 111gr MonoFlex ,0.3110,0.0000,,111,2350
7.62X39mm: Hornady 123gr FMJ,0.3110,0.0000,,123,2340
7.62X39MM: Hornady 123gr HP Match,0.3110,0.0000,,123,2350
7.62X39MM: Hornady 255gr SUB-X,0.3110,0.0000,,255,1050
7.62X39MM: Nosler 123gr BTA BT,0.3110,0.0000,,123,2350
7.62X39MM: Nosler 123gr ETA ET,0.3110,0.0000,,123,2350
7.62X39MM: Nosler 123gr VMG FB Tipped,0.3110,0.0000,,123,2350
7.62X39MM: Remington 123gr FMJ,0.3110,0.2660,,123,2365
7.62X39MM: Remington 125gr Core-Lokt Pntd SP,0.3110,0.2670,,125,2365
7.62X39MM: Winchester 120gr Defender,0.3110,0.2480,,120,2365
7.62X39MM: Winchester 123gr Extreme Point,0.3110,0.3040,,123,2380
7.62X39MM: Winchester 123gr FMJ,0.3110,0.2450,,123,2355
7.62X39MM: Winchester 123gr FMJ,0.3110,0.2450,,123,2355
7.62X39MM: Winchester 123gr FMJ,0.3110,0.2450,,123,2355
7.62X39MM: Winchester 123gr Power-Point,0.3110,0.2440,,123,2365
7.62X51MM: Winchester 149gr FMJ,0.3110,0.4560,,149,2790
7.62X51MM: Winchester 175gr Match HPBT,0.3110,0.4960,,175,2620
7.62X54R: Winchester 180gr FMJ,0.3120,0.4860,,180,2580
7.62X54R: Winchester 180gr SP,0.3120,0.2670,,180,2625
7MM BACKCOUNTRY: Federal 155gr Terminal Ascent,0.2840,0.5860,0.3000,155,3300
7MM BACKCOUNTRY: Federal 168gr Barnes Lrx,0.2840,0.5130,0.2570,168,3150
7MM BACKCOUNTRY: Federal 170gr Terminal Ascent,0.2840,0.6450,0.3250,170,3150
7MM BACKCOUNTRY: Federal 195gr Berger Elite Hunter,0.2840,0.7550,0.3870,195,3000
7MM BACKCOUNTRY: Remington 175gr Core-Lokt Pntd SP,0.2840,0.4270,,175,3100
7MM BACKCOUNTRY: Remington 175gr Core-Lokt Tipped,0.2840,0.5490,,175,3125
7MM BACKCOUNTRY: Remington 175gr Speer Impact,0.2840,0.5400,,175,3125
7MM BACKCOUNTRY: User Data,0.2840,0.0000,,0,0
7MM MAUSER (7X57): Remington 140gr Core-Lokt Pntd SP,0.2840,0.3900,,140,2660
7MM MAUSER: User Data,0.2840,0.0000,,0,0
7MM MAUSER: Winchester 145gr Power-Point,0.2840,0.3550,,145,2660
7MM PRC: Federal 155gr Terminal Ascent,0.2840,0.5860,0.3000,155,3100
7MM PRC: Federal 170gr Terminal Ascent,0.2840,0.6450,0.3250,170,2950
7MM PRC: Federal 175gr Eld-X,0.2840,0.6890,0.3470,175,3000
7MM PRC: Federal 195gr Berger Elite Hunter,0.2840,0.7550,0.3870,195,2760
7MM PRC: Hornady 154gr SST ,0.2840,0.0000,,154,3030
7MM PRC: Hornady 160gr CX ,0.2840,0.0000,,160,3000
7MM PRC: Hornady 175gr ELD-X ,0.2840,0.0000,,175,3000
7MM PRC: Hornady 180gr ELD  Match,0.2840,0.0000,,180,2975
7MM PRC: Nosler 160gr BTA BT,0.2840,0.0000,,160,3000
7MM PRC: Nosler 160gr TGA AB,0.2840,0.0000,,160,3031
7MM PRC: Nosler 175gr TGA-LR ABLR,0.2840,0.0000,,175,3000
7MM PRC: Nosler 185gr MG-RDF RDF,0.2840,0.0000,,185,2875
7MM PRC: Remington 160gr Copper-Tipped BT,0.2840,0.5960,,160,2925
7MM PRC: Remington 175gr Core-Lokt Pntd SP,0.2840,0.0000,,175,
7MM PRC: Remington 175gr Core-Lokt Tipped,0.2840,0.5400,,175,2925
7MM PRC: Remington 175gr Speer Impact,0.2840,0.5490,,175,2925
7MM PRC: User Data,0.2840,0.0000,,0,0
7MM REM MAG: Federal 140gr Trophy Bonded Tip,0.2840,0.4300,,140,3150
7MM REM MAG: Federal 140gr Trophy Copper,0.2840,0.4890,,140,3150
7MM REM MAG: Federal 150gr Swift Scirocco Ii,0.2840,0.5150,,150,3050
7MM REM MAG: Federal 150gr Trophy Copper,0.2840,0.4980,,150,3025
7MM REM MAG: Federal 155gr Terminal Ascent,0.2840,0.5860,0.3000,155,3000
7MM REM MAG: Federal 160gr Barnes Triple-Shock,0.2840,0.3920,,160,2940
7MM REM MAG: Federal 160gr Trophy Bonded Tip,0.2840,0.5200,,160,2900
7MM REM MAG: Federal 162gr Eld-X,0.2840,0.6310,0.3180,162,2940
7MM REM MAG: Federal 168gr Berger Hybrid Hunter,0.2840,0.5660,0.2900,168,2870
7MM REM MAG: Fiocchi 139gr PSP,0.2840,0.4530,,139,3150
7MM REM MAG: Fiocchi 150gr SCIROCCO,0.2840,0.5150,,150,3100
7MM REM MAG: Fiocchi 154gr SST,0.2840,0.5250,,154,3100
7MM REM MAG: Fiocchi 160gr COPPER HP,0.2840,0.3900,,160,2935
7MM REM MAG: Fiocchi 175gr INTKL FB,0.2840,0.4620,,175,2850
7MM REM MAG: Hornady 139gr InterLock  SP,0.2840,0.0000,,139,3150
7MM REM MAG: Hornady 139gr SST ,0.2840,0.0000,,139,3240
7MM REM MAG: Hornady 150gr CX ,0.2840,0.0000,,150,3000
7MM REM MAG: Hornady 154gr InterLock  SP,0.2840,0.0000,,154,3035
7MM REM MAG: Hornady 154gr SST ,0.2840,0.0000,,154,3025
7MM REM MAG: Hornady 154gr SST ,0.2840,0.0000,,154,3100
7MM REM MAG: Hornady 162gr ELD-X ,0.2840,0.0000,,162,2975
7MM REM MAG: Hornady 162gr SST ,0.2840,0.0000,,162,3030
7MM REM MAG: Nosler 140gr TGA AB,0.2840,0.0000,,140,3125
7MM REM MAG: Nosler 150gr BTA BT,0.2840,0.0000,,150,3050
7MM REM MAG: Nosler 150gr ETA ET,0.2840,0.0000,,150,3000
7MM REM MAG: Nosler 150gr NCA PT,0.2840,0.0000,,150,3000
7MM REM MAG: Nosler 160gr BTA BT,0.2840,0.0000,,160,3000
7MM REM MAG: Nosler 160gr TGA AB,0.2840,0.0000,,160,3000
7MM REM MAG: Nosler 160gr TGA PT,0.2840,0.0000,,160,2950
7MM REM MAG: Nosler 168gr TGA-LR ABLR,0.2840,0.0000,,168,2880
7MM REM MAG: Nosler 175gr NCA PT,0.2840,0.0000,,175,2800
7MM REM MAG: Remington 140gr Core-Lokt Pntd SP,0.2840,0.3900,,140,3175
7MM REM MAG: Remington 150gr Copper-Tipped BT,0.2840,0.4550,,150,3050
7MM REM MAG: Remington 150gr Core-Lokt Pntd SP,0.2840,0.3460,,150,3110
7MM REM MAG: Remington 150gr Core-Lokt Tipped,0.2840,0.5300,,150,3130
7MM REM MAG: Remington 150gr Swift Scirocco Bonded,0.2840,0.5330,,150,3110
7MM REM MAG: Remington 175gr Core-Lokt Pntd SP,0.2840,0.4270,,175,2860
7MM REM MAG: Remington 175gr Speer Impact,0.2840,0.5490,,175,2870
7MM REM MAG: User Data,0.2840,0.0000,,0,0
7MM REM MAG: Winchester 140gr Extreme Point,0.2840,0.4840,,140,3100
7MM REM MAG: Winchester 150gr Ballistic Silvertip,0.2840,0.4930,,150,3100
7MM REM MAG: Winchester 150gr Copper Extreme Point,0.2840,0.4780,,150,3000
7MM REM MAG: Winchester 150gr Power-Point,0.2840,0.3730,,150,3090
7MM REM MAG: Winchester 168gr Accubond LR,0.2840,0.6160,,168,2900
7MM REM MAG: Winchester 175gr Power-Point,0.2840,0.4260,,175,2860
7MM REM SA ULTRA MAG: Remington 150gr Core-Lokt Pntd SP,0.2840,0.3460,,150,3110
7MM REM SHORT ACT MAG: User Data,0.2840,0.0000,,0,0
7MM REM ULTRA MAG: Remington 150gr Core-Lokt Pntd SP,0.2840,0.3460,,150,3230
7MM REM ULTRA MAG: Remington 150gr Swift Scirocco Bonded,0.2840,0.5330,,150,3325
7MM REM ULTRA MAG: User Data,0.2840,0.0000,,0,0
7MM RUM: Nosler 160gr NCA PT,0.2840,0.0000,,160,3225
7MM RUM: Nosler 160gr TGA AB,0.2840,0.0000,,160,3175
7MM RUM: Nosler 175gr TGA-LR ABLR,0.2840,0.0000,,175,3040
7MM SAUM: Nosler 140gr NCA AB,0.2840,0.0000,,140,3150
7MM SAUM: Nosler 160gr NCA PT,0.2840,0.0000,,160,2885
7MM SAUM: Nosler 160gr TGA AB,0.2840,0.0000,,160,2850
7MM SAUM: Nosler 168gr NCA ABLR,0.2840,0.0000,,168,2825
7MM STW: Hornady 162gr ELD-X ,0.2840,0.0000,,162,3050
7MM STW: Nosler 140gr NCA AB,0.2840,0.0000,,140,3300
7MM STW: Nosler 140gr TGA PT,0.2840,0.0000,,140,3300
7MM STW: Nosler 160gr TGA AB,0.2840,0.0000,,160,3075
7MM STW: Nosler 175gr TGA-LR ABLR,0.2840,0.0000,,175,2950
7MM STW: User Data,0.2840,0.0000,,0,0
7MM WSM: Hornady 150gr CX ,0.2840,0.0000,,150,3050
7MM WSM: Hornady 162gr ELD-X ,0.2840,0.0000,,162,3000
7MM WSM: Winchester 140gr Ballistic Silvertip,0.2840,0.4850,,140,3225
7MM WSM: Winchester 150gr Power-Point,0.2840,0.3460,,150,3200
7MM-08 REM: Federal 140gr Barnes Triple-Shock,0.2840,0.3940,,140,2820
7MM-08 REM: Federal 140gr Trophy Bonded Tip,0.2840,0.4300,,140,2800
7MM-08 REM: Federal 140gr Trophy Copper,0.2840,0.4890,,140,2800
7MM-08 REM: Fiocchi 139gr PSP,0.2840,0.4530,,139,2800
7MM-08 REM: Fiocchi 139gr SST,0.2840,0.4860,,139,2800
7MM-08 REM: Hornady 120gr SST ,0.2840,0.0000,,120,2675
7MM-08 REM: Hornady 139gr CX ,0.2840,0.0000,,139,2910
7MM-08 REM: Hornady 139gr InterLock  SP,0.2840,0.0000,,139,2840
7MM-08 REM: Hornady 139gr SST ,0.2840,0.0000,,139,2830
7MM-08 REM: Hornady 139gr SST ,0.2840,0.0000,,139,2950
7MM-08 REM: Hornady 150gr ELD-X ,0.2840,0.0000,,150,2770
7MM-08 REM: Nosler 120gr BTA BT,0.2840,0.0000,,120,3000
7MM-08 REM: Nosler 140gr BTA BT,0.2840,0.0000,,140,2825
7MM-08 REM: Nosler 140gr ETA ET,0.2840,0.0000,,140,2850
7MM-08 REM: Nosler 140gr TGA AB,0.2840,0.0000,,140,2825
7MM-08 REM: Nosler 140gr WCA SB,0.2840,0.0000,,140,2825
7MM-08 REM: Nosler 150gr TGA-LR ABLR,0.2840,0.0000,,150,2750
7MM-08 REM: Remington 140gr Copper-tipped BT,0.2840,0.4290,,140,2810
7MM-08 REM: Remington 140gr Core-Lokt Pntd SP,0.2840,0.3900,,140,2860
7MM-08 REM: Remington 140gr Core-Lokt Tipped,0.2840,0.4860,,140,2860
7MM-08 REM: User Data,0.2840,0.0000,,0,0
7MM-08 REM: Winchester 140gr Ballistic Silvertip,0.2840,0.4850,,140,2770
7MM-08 REM: Winchester 140gr Extreme Point,0.2840,0.4840,,140,2800
7MM-08 REM: Winchester 140gr Power-Point,0.2840,0.3600,,140,2800
7MM-08: Fiocchi 140gr COPPER HP,0.2840,0.4000,,140,2825
7X57 MAUSER: Nosler 140gr ETA ET,0.2840,0.0000,,140,2700
7X57 MAUSER: Nosler 140gr TGA AB,0.2840,0.0000,,140,2700
7X57 MAUSER: User Data,0.2840,0.0000,,0,0
7X64 BRENNEKE: Federal 150gr Barnes Triple-Shock,0.2850,0.4080,,150,2650
7X64 BRENNEKE: Remington 140gr Core-Lokt Pntd SP,0.2850,0.0000,,140,2950
7X64 BRENNEKE: User Data,0.2850,0.0000,,0,0
7x64: Lapua 156gr Naturalis,0.2850,0.0000,,156,2756
7X64: User Data,0.2850,0.0000,,0,0
7X65R: Lapua 156gr Naturalis,0.2840,0.0000,,156,2756
7X65R: User Data,0.2840,0.0000,,0,0
8 X 57 JS: Hornady 196gr BTHP,0.3230,0.0000,,196,2500
8MM MAUSER: User Data,0.3230,0.0000,,0,0
8MM REM MAG: Nosler 180gr NCA BT,0.3230,0.0000,,180,3100
8MM REM MAG: Nosler 200gr NCA AB,0.3230,0.0000,,200,3000
8MM REM MAG: Nosler 200gr NCA PT,0.3230,0.0000,,200,3000
8MM REM MAG: User Data,0.3230,0.0000,,0,0
8X57 INFANTRY SPITZER: User Data,0.3230,0.0000,,0,0
8x57 IRS: Lapua 180gr Naturalis,0.3230,0.0000,,180,2625
8X57 IRS: User Data,0.3240,0.0000,,0,0
8x57 IS: Lapua 120gr OT,0.3230,0.0000,,120,3084
8x57 IS: Lapua 180gr Naturalis,0.3230,0.0000,,180,2690
8X57 JS MAUSER: Nosler 180gr ETA ET,0.3230,0.0000,,180,2550
8X57 JS MAUSER: Nosler 180gr NCA BT,0.3230,0.0000,,180,2575
8X57 JS MAUSER: Nosler 200gr NCA AB,0.3230,0.0000,,200,2475
8X57 JS MAUSER: User Data,0.3230,0.0000,,0,0
9X18MM MAKAROV: Hornady 95 gr TX ,0.3650,0.0000,,95 ,1000
9.3X62 MAUSER: Federal 250gr Barnes Triple-Shock,0.3660,0.3610,,250,2400
9.3X62 MAUSER: Federal 286gr Swift A-Frame,0.3660,0.3850,,286,2360
9.3X62 MAUSER: Federal 286gr Woodleigh Hydro,0.3660,0.2600,,286,2360
9.3x62 MAUSER: Lapua 185gr OT,0.3660,0.0000,,185,2772
9.3x62 MAUSER: Lapua 250gr Naturalis,0.3660,0.0000,,250,2428
9.3x62 MAUSER: Lapua 285gr Mega,0.3660,0.0000,,285,2265
9.3X62 MAUSER: Nosler 250gr ETA ET,0.3660,0.0000,,250,2425
9.3X62 MAUSER: Nosler 250gr TGA AB,0.3660,0.0000,,250,2550
9.3X62 MAUSER: Nosler 286gr SAFARI PT,0.3660,0.0000,,286,2350
9.3X62 MAUSER: Nosler 286gr SAFARI SD,0.3660,0.0000,,286,2400
9.3X62 MAUSER: User Data,0.3660,0.0000,,0,0
9.3X62MM: Hornady 286gr InterLock  SP-R,0.3660,0.0000,,286,2360
9.3X74 R: Federal 286gr Swift A-Frame,0.3660,0.3850,,286,2360
9.3X74 R: Federal 286gr Woodleigh Hydro,0.3660,0.2600,,286,2360
9.3X74 R: User Data,0.3660,0.0000,,0,0
9.3X74R: Hornady 286gr InterLock  SP-R,0.3660,0.0000,,286,2360
9MM LUGER: User Data,0.3550,0.0000,,0,0
9MM LUGER +P: Hornady 115gr MonoFlex ,0.3550,0.0000,,115,1100
9MM LUGER +P: Hornady 124gr FlexLock ,0.3550,0.0000,,124,1175
9MM LUGER +P: Hornady 124gr XTP ,0.3550,0.0000,,124,1175
9MM LUGER +P: Hornady 135gr FlexLock ,0.3550,0.0000,,135,1110
9MM LUGER +P: Hornady 138gr DGH,0.3550,0.0000,,138,1150
9MM LUGER +P: User Data,0.3550,0.0000,,0,0
9MM LUGER: Hornady 100gr FTX ,0.3550,0.0000,,100,1125
9MM LUGER: Hornady 115gr FTX ,0.3550,0.0000,,115,1135
9MM LUGER: Hornady 115gr XTP ,0.3550,0.0000,,115,1155
9MM LUGER: Hornady 124gr XTP ,0.3550,0.0000,,124,1110
9MM LUGER: Hornady 135gr FlexLock ,0.3550,0.0000,,135,1010
9MM LUGER: Hornady 147gr XTP ,0.3550,0.0000,,147,975
9MM LUGER: Hornady 147gr XTP ,0.3550,0.0000,,147,975
9MM LUGER: Remington 115gr FMJ,0.3550,0.1550,,115,1145
9MM LUGER: Remington 115gr FMJ,0.3550,0.1550,,115,1145
9MM LUGER: Remington 115gr FNEB,0.3550,0.1550,,115,1145
9MM LUGER: Remington 115gr JHP,0.3550,0.1550,,115,1145
9MM LUGER: Remington 115gr JHP,0.3550,0.1550,,115,1145
9MM LUGER: Remington 115gr JHP +P,0.3550,0.1430,,115,1250
9MM LUGER: Remington 124gr BBJHP +P,0.3550,0.1490,,124,1125
9MM LUGER: Remington 124gr BJHP,0.3550,0.1490,,124,1125
9MM LUGER: Remington 124gr BJHP +P,0.3550,0.1890,,124,1180
9MM LUGER: Remington 124gr FMJ,0.3550,0.1730,,124,1110
9MM LUGER: Remington 124gr FMJ,0.3550,0.1730,,124,1110
9MM LUGER: Remington 145gr HARD CAST,0.3550,0.1470,,145,1110
9MM LUGER: Remington 147gr BBJHP,0.3550,0.1820,,147,990
9MM LUGER: Remington 147gr FMJ,0.3550,0.1820,,147,990
9MM LUGER: Remington 147gr FNEB,0.3550,0.1820,,147,950
9MM LUGER: Remington 147gr JHP,0.3550,0.1820,,147,990
9MM LUGER: Remington 180gr FMJ,0.3550,0.1780,,180,990
